scraped_city,facility,operator,street,zip_code,city_in_desc
New York,60 Hudson Street (JFK12),Digital Realty,60 Hudson Street,10013,New York
New York,32 Avenue of the Americas (JFK13),Digital Realty,32 Avenue of the Americas (6th Ave),10013,New York
New York,111 Eight Avenue (JFK10),Digital Realty,111 8th Avenue,10011,New York
New York,701 Union Boulevard (EWR15),Digital Realty,701 Union Blvd,07512,Totowa
New York,703 Union Boulevard (EWR16),Digital Realty,703 Union Blvd,07512,Totowa
New York,Hivelocity - New York 1,Hivelocity,7 Teleport Drive,10311,Staten Island
New York,NYI - QTD1,QTD Systems,60 Hudson Street,10013,New York
New York,SDC Manhattan,Sabey Data Center Properties LLC,375 Pearl St,10038,New York
New York,DataBank LGA1 - Downtown New York City,DataBank,60 Hudson St,10013,New York
New York,Opti9 NY1,Opti9 Technology,501 Franklin Ave,11530,Garden City
New York,325 Hudson,325 Hudson,325 Hudson,10013,New York
New York,TELEHOUSE New York Chelsea,Telehouse America,85 10th Avenue,10011,New York
New York,1 Ramland,1547 Critical Systems Realty,1 Ramland Rd,10962,Orangeburg
New York,TELEHOUSE New York Teleport,Telehouse America,7 Teleport Drive,10311,New York
New York,NYI - New York,QTD Systems,100 William Street,10038,New York
New York,Hudson InterXchange,Hudson InterXchange,60 Hudson Street,10013,New York
New York,365 Data Centers - New York 2,365 Data Centers,325 Hudson St,10013,New York
New York,DataBank LGA2 - Downtown New York City,DataBank,111 8th Ave,10011,Manhattan
New York,Crown Castle New York (NY1),CROWN CASTLE,111 8th Ave,10011,New York City
New York,Delimiter Commack Data Center,Delimiter Corp,500 Commack Road,NY11725,Commack
New York,Cogent Data Center - New York,"Cogent Communications, Inc.",25 Broadway,10004,New York
New York,CoreSite Secaucus (NY2),CoreSite,2 Emerson Ln,07094,Secaucus
New York,H5 Data Centers New York,H5 Data Centers,325 Hudson St,10013,New York
New York,Equinix NY9,Equinix,111 8th Avenue,10011,New York
New York,CoreSite New York (NY1),CoreSite,32 Avenue of the Americas,10013,New York
New York,DataBank Orangeburg Campus,DataBank,2000 Corporate Dr,10962,Orangeburg
New York,Epsilon Global Hubs - New York,Epsilon,60 Hudson Street,10013,New York
New York,Dataverge NY,DataVerge,882 3rd Ave,11232,Brooklyn
New York,111 Eight Avenue,Google,111 8th Avenue,10011,New York
New York,Speedcast NY,Speedcast International Ltd.,45 Oser Avenue,11788,Hauppauge
New York,365 Data Centers - New York 3,365 Data Centers,121 Varick St.,10013,New York
New York,Lunavi Orangeburg,Lunavi,1 Ramland Rd,10962,Orangeburg
New York,ColoHouse New York,ColoHouse,1 Ramland Road,10962,Orangeburg
New York,NewBridge Brooklyn,NewBridge,927 McDonald Ave,11218,Brooklyn
New York,DataBank LGA3 - Orangeburg,DataBank,2000 Corporate Dr,10962,Orangeburg
New York,DataBank LGA4 - Orangeburg,DataBank,2000 Corporate Dr,10962,Orangeburg
New York,75 Broad Street,JEMB Realty Inc.,75 Broad Street,10004,New York
New York,Evocative JFK2,Evocative Data Centers,480 N Bedford Rd,10514,Chappaqua
New York,365 Data Centers - New York 1,365 Data Centers,65 Broadway,10006,New York
New York,Cogent Data Center - Hackensack,"Cogent Communications, Inc.",280 State St,07601,Hackensack
New York,Lumen New York 2,Lumen,601 W 26th,10001,New York
New York,60 Hudson Street,Colliers International,60 Hudson Street,10013,New York
New York,121 Varick St,121 Varick Street Corp.,121 Varick St,10013,New York
New York,Sentinel NY-1,Sentinel Datacenters,155 Corporate Dr,10962,Orangeburg
New York,Metanet Staten Island,"Metanet, Inc.",7 Teleport Dr,10311,Staten Island
New York,Colocation America NYDC3,Colocation America,11 Skyline Dr,10532,Hawthorne
New York,365 Data Centers - New York 4,365 Data Centers,32 6th ave,10013,New York
New York,CherryRoad NYC3,CherryRoad Technologies,375 Pearl Street,10038,Manhattan
New York,Blue Hill Plaza,Blue Hill Data Services,2 Blue Hill Plaza,10965,Pearl River
New York,Centersquare - New York EWR3-B,Csquare,365 S Randolphville,08854,Piscataway
New York,Metanet Chelsea,"Metanet, Inc.",85 10th Ave,10011,New York
New York,Arbinet 75 Broad St,Arbinet,75 Broad St.,10004,New York
New York,Frontline Data Services Orangeburg,Frontline Data Services,100 Dutch Hill Rd,10962,Orangeburg
New York,The Starrett-Lehigh Building,Windstream,601 W 26th Street,10001,New York
New York,365 Data Centers - Long Island,365 Data Centers,500 Commack Road,j11725,Commack
New York,Colocation America NYDC1,Colocation America,60 Hudson Street,10013,New York
New York,EXA DC New York,EXA Infrastructure,60 Hudson Street,10013,New York
New York,Colocation America NYDC2,Colocation America,111 8th Avenue,10011,New York
New York,Crown Castle New York - 60 Hudson St,CROWN CASTLE,60 Hudson St,10013,New York
New York,Lumen New York 1,Lumen,111 8th Avenue,10011,New York
New York,TeliaSonera NYKEC,Telia Company,111 8th Avenue,10011,New York
New York,32 Avenue of the Americas,Rudin Management Company,32 Avenue of the Americas (6th Ave),10019,New York
New York,AT&T New York,AT&T,811 10th Avenue,10019,New York
New York,AT&T Secaucus,AT&T,15 Enterprise Ave N,07094,Secaucus
New York,NaviSite New York,"NaviSite, Inc.",395 Hudson St,10014,New York
New York,New York Connect Data Center,"New York Connect.Net, Ltd.",111 8th Avenue,10011,New York
New York,LG Networks NYC Node,Lumen,150 Varick Street,10012,New York
New York,TELEHOUSE Briad Financial Center,Telehouse America,33 Whitehall Street,10004,New York
New York,Tata Communications New York,Tata Communications,32 6th Ave,10013,New York
New York,Metanet New York,"Metanet, Inc.",111 8th Avenue,10011,New York
Los Angeles,600 West 7th Street (LAX10),Digital Realty,600 West 7th Street,90017,Los Angeles
Los Angeles,2260 E El Segundo Blvd (LAX12),Digital Realty,2260 East El Segundo Boulevard,90245,El Segundo
Los Angeles,Hivelocity - Los Angeles 2,Hivelocity,600 W. 7th St,90017,Los Angeles
Los Angeles,Hivelocity - Los Angeles 1,Hivelocity,624 S Grand Ave,90017,Los Angeles
Los Angeles,4400 Pacific Blvd,Digital Realty,4400 Pacific Blvd,90058,Vernon
Los Angeles,Serverfarm Los Angeles Data Center LAX1,Serverfarm,444 North Nash Street,90245,El Segundo
Los Angeles,Centersquare - Los Angeles LAX5-A,Csquare,2681 Kelvin Ave,92614,Irvine
Los Angeles,Prime Los Angeles,Prime Data Centers,4701 S Santa Fe Ave,90058,Vernon
Los Angeles,Colocation America LADC3,Colocation America,600 W. 7th St,90017,Los Angeles
Los Angeles,West 7 Center,Rising Realty Partners,1200 West 7th Street,90017,Los Angeles
Los Angeles,One Wilshire,GI Property Management,624 South Grand Avenue,90017,Los Angeles
Los Angeles,Equinix LA2,Equinix,818 W 7th Street,90017,Los Angeles
Los Angeles,Cogent Data Center - Los Angeles,"Cogent Communications, Inc.",530 W 6th St,90017,Los Angeles
Los Angeles,Cogent Data Center - Pasadena,"Cogent Communications, Inc.",2947  Bradley Street,91107,Pasadena
Los Angeles,DataBank LAX1 - Los Angeles One Wilshire,DataBank,624 South Grand Avenue,90017,Los Angeles
Los Angeles,Colocation America LADC4,Colocation America,530 W. 6th St,90017,Los Angeles
Los Angeles,Converge Technology Solutions Data Center,Converge Technology Solutions,30077 Agoura Ct,91301,Agoura Hills
Los Angeles,Colocation America LADC5,Colocation America,650 S. Grand Ave,90017,Los Angeles
Los Angeles,Colocation America LADC2,Colocation America,707 Wilshire Blvd,90017,Los Angeles
Los Angeles,Alchemy Downtown Data Center,"Dynascale, Inc.",1200 West 7th Street,90017,Los Angeles
Los Angeles,Crown Castle Los Angeles LA1,CROWN CASTLE,624 S Grand Ave,90017,Los Angeles
Los Angeles,Equinix LA7,Equinix,1501 Francisco Street,90501,Torrance
Los Angeles,Equinix LA3,Equinix,1920 E Maple Ave,90245,El Segundo
Los Angeles,Psychz Los Angeles,Psychz Networks,700 Wilshire Blvd,90017,Los Angeles
Los Angeles,Evocative LAX14,Evocative Data Centers,3690 Redondo Beach Avenue,90278,Redondo Beach
Los Angeles,UnitedLayer Los Angeles,"UnitedLayer, Inc.",624 S Grand Ave,90017,Los Angeles
Los Angeles,ColoCrossing LA1,ColoCrossing,1200 W 7th Street,90017,Los Angeles
Los Angeles,CoreSite One Wilshire (LA1),CoreSite,624 South Grand Avenue,90017,Los Angeles
Los Angeles,Crown Castle Los Angeles LA2,CROWN CASTLE,609 W 7th St,90017,Los Angeles
Los Angeles,Cogent Data Center - La Mirada,"Cogent Communications, Inc.",16680 Valley View Avenue,90638,La Mirada
Los Angeles,Equinix LA1,Equinix,600 West 7th Street,90017,Los Angeles
Los Angeles,CoreSite Los Angeles (LA2),CoreSite,900 North Alameda,90017,Los Angeles
Los Angeles,Xfernet Data Center,Xfernet,3250 Wilshire Blvd,90010,Koreatown
Los Angeles,One Data Center Ontario,One Data Center America,350 S Milliken Ave,91761,Ontario
Los Angeles,Evocative LAX2,Evocative Data Centers,600 W 7th Street,90017,Los Angeles
Los Angeles,DigiCo Los Angeles LAX1,DigiCo Infrastructure REIT,1977 Saturn St,91755,Monterey Park
Los Angeles,Subrigo - 650 South Grand,Subrigo,650 South Grand Avenue,90017,Los Angeles
Los Angeles,Cogent Data Center - Burbank,"Cogent Communications, Inc.",100 S Flower St,91502,Burbank
Los Angeles,Aon Center,Shorenstein,707 Wilshire Boulevard,90017,Los Angeles
Los Angeles,TELEHOUSE Los Angeles Center,Telehouse America,626 Wilshire Boulevard,90017,Los Angeles
Los Angeles,QuadraNet Los Angeles,QuadraNet.com,530 W. 6th St.,90014,Los Angeles
Los Angeles,Goodman LAX01,Goodman,3094 E Vernon Ave,90058,Vernon
Los Angeles,Centersquare - Los Angeles LAX2,Csquare,3015 Winona Avenue,91504,Burbank
Los Angeles,Colocation America LADC1,Colocation America,624 South Grand Avenue,90017,Los Angeles
Los Angeles,CoreSite Los Angeles (LA3),CoreSite,260 Bauchet St.,90012,Los Angeles
Los Angeles,365 Data Centers - Los Angeles 1,365 Data Centers,600 W 7th St.,90017,Los Angeles
Los Angeles,Vernon Data Center,"Downtown Properties Holdings, LLC",5001 S. Soto Street,90058,Vernon
Los Angeles,Fireline Broadband Data Center,Fireline Broadband,5900 Wilshire Blvd,90036,Los Angeles
Los Angeles,Edge Centres EC101 Los Angeles,Edge Centres,707 Wilshire Blvd.,90017,Los Angeles
Los Angeles,Alchemy LAX Data Center,"Dynascale, Inc.",6171 West Century Blvd,90045,Los Angeles
Los Angeles,Crown Castle Los Angeles LA3,CROWN CASTLE,530 W 6th St,90017,Los Angeles
Los Angeles,DataBank - 707 Wilshire Blvd,DataBank,707 Wilshire Blvd,90017,Los Angeles
Los Angeles,Aptum Los Angeles,Aptum,360 E 2nd Street,90017,Los Angeles
Los Angeles,One Data Center America,One Data Center America,3833 Ebony St,91761,Ontario
Los Angeles,365 Data Centers - Los Angeles 2,365 Data Centers,624 South Grand Ave,90017,Los Angeles
Los Angeles,Windstream Los Angeles,Windstream,530 West 6th St,90014,Los Angeles
Los Angeles,365 Data Centers - Los Angeles 3,365 Data Centers,900 N. Alameda St,90012,Los Angeles
Los Angeles,Spectrum Networks El Segundo,Spectrum,2345 Alaska Ave,90245,El Segundo
Los Angeles,818 West 7th Street,"Downtown Properties Holdings, LLC",818 West 7th Street,90017,Los Angeles
Los Angeles,DigiCo Los Angeles LAX2,DigiCo Infrastructure REIT,1980 Saturn St,91755,Monterey Park
Los Angeles,Lumen Los Angeles,Lumen,818 W. 7th Street,90017,Los Angeles
Los Angeles,Quinby Building,Quinby Building,650 South Grand Avenue,90017,Los Angeles
Los Angeles,Telecom Center LA,BGC Group,530 West 6th Street,90017,Los Angeles
Los Angeles,Long Beach Data Center,Long Beach Data Center,3910 E 7th St,90804,Long Beach
Los Angeles,NocRoom Los Angeles Colocation,NocRoom Miami Colocation VPS,530 W 6th Street Penthouse,90014,Los Angeles
Los Angeles,Hostrunway Los Angeles,Hostrunway,900 N Alameda St #200,90012,Los Angeles
Los Angeles,611 Wilshire,Xyvest Holdings,611 Wilshire Blvd,90017,Los Angeles
Los Angeles,IHNetworks Datacenter (SFV1),"IHNetworks, LLC",20339 Nordhoff Street,91311,Chatsworth
Los Angeles,China Telecom One Wilshire,China Telecom Americas,624 S Grand Ave,90017,Los Angeles
Los Angeles,WebNX Los Angeles,WebNX Internet Services,530 W 6th St,90017,Los Angeles
Los Angeles,Subrigo - 624 South Grand,Subrigo,624 South Grand Avenue,90017,Los Angeles
Los Angeles,Lumen Los Angeles 4,Lumen,600 Wilshire Blvd,90017,Los Angeles
Chicago,350 East Cermak Road (ORD10),Digital Realty,350 East Cermak Road,60616,Chicago
Chicago,600 S. Federal St. (ORD11),Digital Realty,600 South Federal Street,60605,Chicago
Chicago,505 N. Railroad Avenue (ORD23),Digital Realty,505 North Railroad Avenue,60164,Northlake
Chicago,2200 Busse Road (CH1),Digital Realty,2200 Busse Road,60007,Elk Grove Village
Chicago,9355 Grand Ave (ORD13),Digital Realty,9355 Grand Ave,60131,Franklin Park
Chicago,9333 Grand Avenue (ORD12),Digital Realty,9333 Grand Avenue,60131,Franklin Park
Chicago,1400 East Devon Avenue (CH3),Digital Realty,1400 East Devon Avenue,60007,Elk Grove Village
Chicago,9377 Grand Ave (ORD14),Digital Realty,9377 Grand Ave,60131,Franklin Park
Chicago,2425-2553 Edgington Street (ORD22),Digital Realty,2425-2553 Edgington St,60131,Franklin Park
Chicago,2299 Busse Road (CH2),Digital Realty,2299 Busse Road,60007,Elk Grove Village
Chicago,9401 West Grand Avenue (ORD15),Digital Realty,9401 W Grand Ave,60131,Franklin Park
Chicago,Hivelocity - Chicago 1,Hivelocity,350 East Cermak Road,60616,Chicago
Chicago,CyrusOne CHI5 - Lombard,CyrusOne Data Centers,1850 Springers Drive,60148,Lombard
Chicago,GDC - Chicago CH1 Data Center,"NTT DATA, Inc.",255 Pierce Road,60143,Itasca
Chicago,CyrusOne CHI2 - Aurora,CyrusOne Data Centers,2805 Diehl Rd,60502,Aurora
Chicago,Summit Elk Grove Village,Summit (formerly Deft),2200 Busse Rd,60007,Elk Grove Village
Chicago,Centersquare - Chicago ORD4-A,Csquare,4513 Western Ave,60532,Lisle
Chicago,T5 Data Centers - T5@Chicago,T5 Data Centers,200 Innovation Dr,60007,Elk Grove Village
Chicago,Serverfarm Chicago Data Center CH1,Serverfarm,840 S. Canal Street,60607,Chicago
Chicago,Netrality - 717 S Wells,Netrality,717 S. Wells,60607,Chicago
Chicago,Prime Chicago Data Center Campus,Prime Data Centers,1701 Midway Ct,60007,Elk Grove Village
Chicago,Prime Chicago - Building 1,Prime Data Centers,"1500 E Higgins Rd, Elk Grove Village, IL 60007, USA",60007,Elk Grove Village
Chicago,Prime Chicago - Building 3,Prime Data Centers,1701 Midway Court,60007,Elk Grove Village
Chicago,Summit Chicago,Summit (formerly Deft),350 East Cermak Road,60616,Chicago
Chicago,Colocation America CHIDC1,Colocation America,350 E. Cermak Rd,60616,Chicago
Chicago,Iron Mountain Data Centers CHI-1,Iron Mountain Data Centers,1680 Touhy Avenue,60018,Des Plaines
Chicago,CyrusOne CHI1 - Aurora,CyrusOne Data Centers,2905 Diehl Rd.,60148,Lombard
Chicago,Legacy - Chicago Byte Exchange,Legacy Investing,400 S LaSalle St,60605,Chicago
Chicago,Prime Chicago - Building 2,Prime Data Centers,1600 Oakton St,60007,Elk Grove Village
Chicago,Apotech Data Center,Apotech,1331 E Business Center Dr,60056,Mt Prospect
Chicago,TierPoint Chicago - Polk,TierPoint,601 W. Polk St.,60607,Chicago
Chicago,Element Critical Chicago One,Element Critical,711 N. Edgewood Ave.,60191,Wood Dale
Chicago,Skybox Chicago I,Skybox Datacenters,800 E Devon Ave,60007,Elk Grove Village
Chicago,DataBank ORD3 - Mount Prospect,DataBank,800 E Business Center Dr,60056,Mt. Prospect
Chicago,DataBank ORD4 - Chicago Tri-State,DataBank,1808 Swift Dr,60523,Oak Brook
Chicago,Cogent Data Center - Chicago 2,"Cogent Communications, Inc.",216 W. Jackson Blvd,60606,Chicago
Chicago,Cogent Data Center - Chicago 1,"Cogent Communications, Inc.",427 LaSalle St,60606,Chicago
Chicago,Element Critical Chicago Two,Element Critical,341 Haynes Dr,60191,Wood Dale
Chicago,Colocation America CHIDC4,Colocation America,1808 Swift Dr.,60523,Oak Brook
Chicago,TierPoint Chicago - West,TierPoint,9333 West Grand Ave.,60131,Franklin Park
Chicago,Equinix CH4,Equinix,350 E Cermak Rd,60616,Chicago
Chicago,Equinix CH7,Equinix,111 Plaza Drive,60559,Westmont
Chicago,STACK Infrastructure CHI01B,STACK INFRASTRUCTURE,1301 Touhy Ave,60007,Elk Grove Village
Chicago,US Signal Chicago IL01,"US Signal Company, LLC",810 Jorie Blvd,60523,Oak Brook
Chicago,Metro Edge IMD1,Metro Edge,1951 W Hastings St,60608,Chicago
Chicago,DataBank ORD2 - Chicago,DataBank,840 S Canal St,60607,Chicago
Chicago,DataBank ORD1 - Downtown Chicago,DataBank,600 S Federal St,60605,Chicago
Chicago,EdgeConneX Chicago - EDCCHI02,EdgeConneX,2021 Lunt Ave,60007,Elk Grove Village
Chicago,Stream DC Chicago I,Stream Data Centers,2080 Lunt Avenue,60007,Elk Grove Village
Chicago,HydraVault Data Center,HydraVault,2538 S Wabash Ave,60616,Chicago
Chicago,Centersquare - Chicago ORD1-A,Csquare,350 East Cermak,60616,Chicago
Chicago,SBA Edge Chicago,SBA Edge,603 Discovery Drive,60185,West Chicago
Chicago,Centersquare - Chicago ORD1-D,Csquare,350 E Cermak Rd,60616,Chicago
Chicago,CoreSite Chicago (CH1),CoreSite,427 South LaSalle,60605,Chicago
Chicago,Centersquare - Chicago ORD1-C,Csquare,350 E Cermak Rd,60616,Chicago
Chicago,FirstComm Data Center,First Communications,601 W Polk St,60607,Chicago
Chicago,ColoCrossing CH1,ColoCrossing,2200 Busse Road,60007,Elk Grove Village
Chicago,H5 Data Centers Chicago,H5 Data Centers,1951 W. Hastings St.,60608,Chicago
Chicago,Stream DC Chicago II,Stream Data Centers,1925 Busse Road,60007,Elk Grove Village
Chicago,725 S. Wells,1547 Critical Systems Realty,725 S Wells,60607,Chicago
Chicago,CDW Elk Grove Data Center,CDW Corporation,1441 Touhy Ave,60007,Elk Grove Village
Chicago,STACK Infrastructure CHI01A,STACK INFRASTRUCTURE,1441 Touhy Ave,60007,Elk Grove Village
Chicago,Digital Fortress Chicago,Digital Fortress,360 E 22nd St.,60148,Lombard
Chicago,Equinix CH1,Equinix,350 E Cermak Rd,60616,Chicago
Chicago,Equinix CH2,Equinix,350 E Cermak Rd,60616,Chicago
Chicago,GDC - Chicago CH3 Data 'Center,"NTT DATA, Inc.",255 Pierce Rd,60143,Itasca
Chicago,GDC - Chicago CH2 Data Center,"NTT DATA, Inc.",275 Pierce Rd,60143,Itasca
Chicago,Cogent Data Center - Chicago 3,"Cogent Communications, Inc.",4200 W 40th St,60632,Chicago
Chicago,QTS Chicago 1 DC1,QTS Data Centers,2800 S. Ashland Ave,60608,Chicago
Chicago,365 Data Centers - Chicago 1,365 Data Centers,427 S La Salle St,60605,Chicago
Chicago,Aligned ORD-01,Aligned Data Centers,505 Northwest Avenue,60164,Northlake
Chicago,Microsoft Northlake,Microsoft,601-605 Northwest Ave,60164,Northlake
Chicago,Centersquare - Chicago ORD2-A,Csquare,2425 Busse Road,60007,Elk Grove Village
Chicago,CoreWeave Hammond,CoreWeave,301 Digital Xrds Dr,46320,Hammond
Chicago,CyrusOne CHI6 - Wood Dale,CyrusOne Data Centers,Bryn Mawr Ave & Pine Ave,60106,Wood Dale
Chicago,CloudHQ ORD Campus,CloudHQ,1200 E Algonquin Rd,60016,Des Plaines
Chicago,Ascent CH2,Ascent,505 N Railroad Ave,60164,Northlake
Chicago,Equinix CH3,Equinix,1905 Lunt Avenue,60007,Elk Grove Village
Chicago,CoreSite Chicago (CH2),CoreSite,1432 S Clinton St.,60607,Chicago
Chicago,STACK Infrastructure CHI02,STACK INFRASTRUCTURE,1830 Jarvis Ave,60007,Elk Grove Village
Chicago,Rackspace Chicago,Rackspace Hosting,2200 Busse Road,60007,Elk Grove Village
Chicago,Chirisa Chirisa Volo Technology Park YLO-02,Chirisa,300 South Fish Lake Rd,60073,Volo
Chicago,Chirisa Chirisa Volo Technology Park YLO-01,Chirisa,300 South Fish Lake Rd,60073,Volo
Chicago,Chicago Board of Trade Building,"Apollo Global Management, Inc.",141 West Jackson,60604,Chicago
Chicago,1808 Swift Drive,CenterPoint Properties,1808 Swift Drive,60523,Oak Brook
Chicago,360TCS Data Center,360 Technology Center Solutions,360 E. 22nd St.,60148,Lombard
Chicago,Centersquare - Chicago ORD1-B,Csquare,350 East Cermak,60609,Chicago
Chicago,XNet Critical Computing Facility,"XNet Information Systems, Inc.",3080 Ogden Ave,60532,Lisle
Chicago,NetSource Naperville 1,"NetSource Communications, Inc.",2368 Corporate Lane,60563,Naperville
Chicago,Midway Technology Center,1547 Critical Systems Realty,40 E Garfield Blvd,60615,Chicago
Chicago,Aligned ORD-04,Aligned Data Centers,150 NW Point Blvd,60007,Elk Grove Village
Chicago,CloudHQ ORD3,CloudHQ,1200 E Algonquin Rd,60016,Des Plaines
Chicago,Naperville Data Center,KARIS Critical,1940 Lucent Ln,60563,Naperville
Chicago,Aligned ORD-03,Aligned Data Centers,50 NW Point Blvd,60007,Elk Grove Village
Chicago,CloudHQ ORD1,CloudHQ,1200 E Algonquin Rd,60016,Des Plaines
Chicago,Microsoft Hoffman Estates - Building 2,Microsoft,Lakewood Blvd,60192,Hoffman Estates
Chicago,Microsoft Hoffman Estates - Building 1,Microsoft,Lakewood Blvd,60192,Hoffman Estates
Chicago,Microsoft Elk Grove Campus,Microsoft,"Elk Grove Technology Park, Innovation Dr & Oakton St",60007,Elk Grove Village
Chicago,Microsoft Hoffman Estates Campus,Microsoft,Lakewood Blvd,60192,Hoffman Estates
Chicago,T5 Data Centers - T5@Grayslake Campus,T5 Data Centers,30907 N Alleghany Rd,60030,Grayslake
Chicago,Chirisa Volo Technology Park,Chirisa,300 South Fish Lake Rd,60073,Volo
Chicago,Stream DC Chicago III,Stream Data Centers,2000 Landmeier Rd,60007,Elk Grove Village
Chicago,T5 Data Centers - T5@Chicago lll,T5 Data Centers,11650 W Grand Ave,60164,Northlake
Chicago,T5 Data Centers - T5@Chicago V,T5 Data Centers,within,Elk Grove Village,TBA
Chicago,ColoHouse Chicago Cermak,ColoHouse,350 E Cermak,60616,Chicago
Chicago,CloudHQ ORD2,CloudHQ,1200 E Algonquin Rd,60016,Des Plaines
Chicago,Aligned ORD-02,Aligned Data Centers,505 Northwest Avenue,60164,Northlake
Chicago,ColoHouse Chicago Wells,ColoHouse,725 S Wells Street,60607,Chicago
Chicago,FDCservers.net,FDCservers.net LLC,141 West Jackson Blvd.,60604,Chicago
Chicago,HW Technology Park,Hillwood Development Company,Millsdale Rd / Schweitzer Rd,60421,Joliet
Chicago,Colovore ORD01,Colovore,within,"Aurora, 41 miles from Chicago",TBA
Chicago,Equinix CH5,Equinix,2001 Lunt Ave,60007,Elk Grove Village
Chicago,EdgeConneX Chicago - EDCCHI01,EdgeConneX,1800 Nicholas Blvd,60007,Elk Grove Village
Chicago,Chicago Exchange,Menlo Digital,601 W. Polk St,60605,Chicago
Chicago,CDC - Chicago CH5 Data Center,"NTT DATA, Inc.",1250 N Arlington Heights Rd,60143,Itasca
Chicago,LexisNexis Oak Brook,LexisNexis,1808 Swift Dr,60523,Oak Brook
Chicago,Edged Chicago ORD1,Edged Energy,2815 Bilter Rd,60502,Aurora
Chicago,8080 S DuSable Lake Shore Drive,Related Digital,8080 S DuSable Lake Shore Dr,60617,Chicago
Chicago,Connect Chicago,Connect Data Centers by Oppidan,245 Kehoe Blvd,60188,Carol Stream
Chicago,Edged Chicago ORD3,Edged Energy,2725 Bilter Rd,60502,Aurora
Chicago,Edged Chicago ORD2,Edged Energy,2835 Bilter Rd,60502,Aurora
Chicago,216 West Jackson Boulevard,"Baum Realty Group, LLC",216 W Jackson Blvd,60606,Chicago
Chicago,365 Data Centers - Chicago 2,365 Data Centers,350 East Cermak Road,60623,Chicago
Chicago,GDC - Chicago CH4 Data Center,"NTT DATA, Inc.",1200 N Arlington Heights Rd,60143,Itasca
Chicago,Edged Chicago Campus,Edged Energy,2725-2815 Bilter Rd,60502,Aurora
Chicago,Microsoft Elk Grove - Building 3,Microsoft,"Elk Grove Technology Park, Innovation Dr & Oakton St",60007,Elk Grove Village
Chicago,Microsoft Hoffman Estates - Building 4,Microsoft,Lakewood Blvd,60192,Hoffman Estates
Chicago,Microsoft Plano (IL),Microsoft,Eldamain Rd & Corneils Rd,60545,Plano
Chicago,Microsoft Hoffman Estates - Building 3,Microsoft,Lakewood Blvd,60192,Hoffman Estates
Chicago,KARIS Hoffman Estates,KARIS Critical,Higgins Rd & Illinois Rte 59,60010,Hoffman Estates
Chicago,Chicago Campus,Aligned Data Centers,505 Northwest Avenue,60164,Northlake
Chicago,Microsoft Elk Grove - Building 2,Microsoft,"Elk Grove Technology Park, Innovation Dr & Oakton St",60007,Elk Grove Village
Chicago,NTT Chicago Campus,"NTT DATA, Inc.",255-275 Pierce Rd,60143,Itasca
Chicago,Meta DeKalb Campus,Meta,1550-2050 Metaverse Wy,60115,DeKalb
Chicago,KARIS DeKalb Campus,KARIS Critical,Gurler Rd & Peace Rd,60115,DeKalb
Chicago,WOWaccess Data Center,WOWaccess,184 Shuman Blvd,60563,Naperville
Chicago,Microsoft Elk Grove - Building 1,Microsoft,"Elk Grove Technology Park, Innovation Dr & Oakton St",60007,Elk Grove Village
Chicago,Lumen Chicago 3,Lumen,200 N LaSalle St,60601,Chicago
Chicago,Compass Hoffman Estates,Compass Datacenters,3333 Beverly Rd,60179,Hoffman Estates
Chicago,DLS Internet LITH,DLS Internet Services,950 E. Oak Street,60156,Lake in the Hills
Chicago,Axon Datacenter,Axon Datacenters,7093 Barry St,60018,Rosemont
Chicago,Lumen South Holland 1,Lumen,200 E 166th St,60473,South Holland
Chicago,CyrusOne CHI3 - Aurora Campus,CyrusOne Data Centers,2725 Bilter Rd,60502,Aurora
Chicago,CBTS Lombard Data Center I,CBTS,1850 W Springer,60148,Lombard
Chicago,Hostrunway Lombard,Hostrunway,1850 Springer Dr,60148,Lombard
Chicago,Volico Chicago,Volico Data Center,350 E Cermak Rd,60616,Chicago
Chicago,GigeNET Chicago,Gigenet,545 E. Algonquin Rd.,60005,Arlington Heights
Chicago,NetSource Naperville 2,"NetSource Communications, Inc.",1717 Park St.,60563,Naperville
Chicago,NaviSite Oak Brook,"NaviSite, Inc.",800 Jorie Blvd,60523,Oak Brook
Chicago,CyrusOne CHI3 - Building 1,CyrusOne Data Centers,2725 Bilter Rd,60502,Aurora
Chicago,427 LaSalle,CoreSite,427 South LaSalle Street,60605,Chicago
Chicago,CyrusOne CHI3 - Building 2,CyrusOne Data Centers,2725 Bilter Rd,60502,Aurora
Chicago,Sinch Data Center,Sinch,717 S Wells St,60607,Chicago
Chicago,Lumen 350 E Cermak,Lumen,350 E Cermark Road,60616,Chicago
Chicago,Lumen Chicago,Lumen,111 N Canal St,60606,Chicago
Chicago,Synoptek - Chicago Data Center,Synoptek,350 East Cermak Road,60616,Chicago
Chicago,360 East 22nd Street,360E 22nd LLC,360 East 22nd Street,60148,Lombard
Chicago,NaviSite Chicago,"NaviSite, Inc.",725 S Wells,60610,Chicago
Chicago,Meta DeKalb - Building 6,Meta,1550 Metaverse Wy,60115,DeKalb
Chicago,Lumen Broadview 1,Lumen,2101 Roberts Drive,60155,Broadview
Chicago,Meta DeKalb - Building 2,Meta,2050 Metaverse Wy,60115,DeKalb
Chicago,Lumen Chicago 4,Lumen,600 West Chicago Ave.,60610,Chicago
Chicago,Meta DeKalb - Building 3,Meta,1750 Metaverse Wy,60115,DeKalb
Chicago,Meta DeKalb - Building 4,Meta,1750 Metaverse Wy,60115,DeKalb
Chicago,Meta DeKalb - Building 1,Meta,2050 Metaverse Wy,60115,DeKalb
Chicago,Lumen Arlington Heights 1,Lumen,"1305 E. Algonquin Avenue,",60005,Arlington Heights
Chicago,Meta DeKalb - Building 5,Meta,1550 Metaverse Wy,60115,DeKalb
Chicago,Lumen Chicago 5,Lumen,600 S. Federal,60605,Chicago
Chicago,DLS Internet 216 Jackson,DLS Internet Services,216 West Jackson Blvd,60606,Chicago
Chicago,Hostway Boeing Data Center,"Hostway Services, Inc",100 North Riverside Plaza,60606,Chicago
Chicago,CBTS Lombard Data Center II,CBTS,564 Winter Lane,60148,Lombard
Chicago,Lumen Chicago 2,Lumen,900 N. Kingsbury Street,60610,Chicago
Houston,TRG Houston One HOU1,TRG Datacenters,2626 Spring Cypress Road,77388,Spring
Houston,TRG Houston Two HOU2,TRG Datacenters,2626 Spring Cypress Rd,77388,Spring
Houston,TRG Houston Campus,TRG Datacenters,2626 Spring Cypress Rd,77388,Spring
Houston,12235 North Fwy (IAH14),Digital Realty,12235 North Fwy,77060,Houston
Houston,12231 North Fwy (IAH13),Digital Realty,12231 North Fwy,77060,Houston
Houston,12061 North Freeway (IAH11),Digital Realty,12061 North Freeway,77060,Houston
Houston,12001 North Fwy (IAH10),Digital Realty,12001 North Fwy,77060,Houston
Houston,Digital Houston Campus,Digital Realty,12001-12245 North Fwy,77060,Houston
Houston,Skybox Houston One,Skybox Datacenters,22000 Franz Road,77449,Houston
Houston,EdgeConneX Houston,EdgeConneX,1510 Prime West Parkway,77449,Katy
Houston,Netrality - 1301 Fannin,Netrality,1301 Fannin Street,77002,Houston
Houston,1001 Texas Data Center,1001 Texas Data Center,1001 Texas Ave,77002,Houston
Houston,Stream DC Houston I - The Woodlands,Stream Data Centers,4001 Technology Forest Blvd,77381,The Woodlands
Houston,Lighthouse Data Center,PS Lightwave,3960 Braxton Dr,77063,Houston
Houston,Data Foundry- Houston 2,Data Foundry,660 Greens Pkwy,77067,Houston
Houston,DataBank HOU5 - Houston Galleria,DataBank,4201 Southwest Freeway,77027,Houston
Houston,DataBank HOU1 - Westway Park I,DataBank,5150 Westway Park Blvd,77041,Houston
Houston,Equinix HO1,Equinix,1515 Aldine Meadows Road,77032,Houston
Houston,DataBank HOU3 - Westway Park III,DataBank,11003 Corporate Centre Dr,77041,Houston
Houston,Cogent Data Center - Houston,"Cogent Communications, Inc.",12061 North Frwy,77060,Houston
Houston,DataBank HOU2 - Westway Park II,DataBank,5170 Westway Park Blvd,77041,Houston
Houston,Serverfarm Houston Data Center HTX2,Serverfarm,28401 Betka Rd,77447,Hockley
Houston,Quasar Data Center,Quasar Data Center,1001 Texas Ave,77002,Houston
Houston,Iozera Houston,Iozera,11631 Roark Rd,77031,Houston
Houston,"FIBERTOWN - Houston, Texas",FIBERTOWN,12031 North Freeway,77067,Houston
Houston,Crown Castle Houston (TX1),CROWN CASTLE,801 Louisiana St,77002,Houston
Houston,Cogent Data Center - Houston 2,"Cogent Communications, Inc.",8902 Point Six Circle,77095,Houston
Houston,Data Foundry - Houston 1,Data Foundry,5555 San Felipe,77056,Houston
Houston,Dataprana La Marque,Dataprana,4995 Farm to Market Rd 1764,77568,La Marque
Houston,LOGIX Houston #2,LOGIX FIBER NETWORKS,811 Louisiana St,77002,Houston
Houston,Serverfarm Houston Data Center CTX2,Serverfarm,15555 Cutten Rd,77070,Houston
Houston,Comcast Willis,Comcast,606 Texas State Highway 75,77378,Willis
Houston,24 Hour Data Houston,24 Hour Data,723 Main St,77002,Houston
Houston,Verizon Houston,Verizon Communications Inc.,2401 Portsmouth St,77098,Houston
Houston,Lumen Houston 1,Lumen,12001 1-45 North,77003,Houston
Houston,ECL TerraSite-TX1,EdgeCloudLink (ECL),within,"east of Houston, Texas",77028
Houston,Energy Transfer Data Center,Energy Transfer,7210 Ardmore,77054,Houston
Houston,Lumen Houston 3,Lumen,2300 Lyons Avenue,77020,Houston
Houston,Crusoe Port of Victoria Campus,Crusoe Cloud,within,Port of Victoria,77905
Houston,Project Aggie,Priority Power,Midtown Dr & Corporate Pkwy,77845,College Station
Houston,LOGIX Houston #1,LOGIX FIBER NETWORKS,"1510 Primewest Parkway, Energy Corridor",77449,Katy
Houston,LOGIX Houston #3,LOGIX FIBER NETWORKS,4635 Southwest Freeway,77027,Houston
Houston,Hostrunway Houston,Hostrunway,10685-B Hazelhurst Dr. # 19283,77043,Houston
Houston,Serverfarm Houston Data Center CTX1,Serverfarm,within,Houston,77070
Houston,Serverfarm Houston Data Center HTX1,Serverfarm,within,North West of Houston,7747
Houston,IBM HOU00,IBM,835 Greens Parkway,77002,Houston
Houston,Evocative - INAP Houston,Evocative Data Centers,1301 Fannin St,77022,Houston
Houston,Project Aggie - Building 2,Priority Power,Midtown Dr & Corporate Pkwy,77845,College Station
Houston,IBM HOU04,IBM,315 Capitol St,77002,Houston
Houston,"Lumen, 3939 Corporate Dr",Lumen,5959 Coprporate Drive,77036,Houston
Houston,Project Aggie - Building 1,Priority Power,Midtown Dr & Corporate Pkwy,77845,College Station
Houston,IBM HOU01,IBM,390 Benmar Drive,77060,Houston
Houston,CyrusOne HOU3 - Houston,CyrusOne Data Centers,11003 Corporate Centre Dr,77041,Houston
Houston,CyrusOne HOU4 - Houston,CyrusOne Data Centers,5160 Westway Park Blvd,77041,Houston
Houston,"Lumen, 1124 Hardy Rd",Lumen,1124 Hardy Rd,77020,Houston
Houston,IBM HOU02,IBM,855 Greens Parkway,77067,Houston
Houston,Lumen Houston 2,Lumen,7060 Empire Central Dr,77040,Houston
Houston,NaviSite Houston,"NaviSite, Inc.",1301 Fannin Street,77002,Houston
Houston,TeleSource IDC,TeleSource Communications Inc.,1301 Fannin St,77002,Houston
Phoenix,2121 S. Price Road (PHX15),Digital Realty,2121 S. Price Road,85286,Chandler
Phoenix,120 East Van Buren St (PHX10),Digital Realty,120 East Van Buren Street,85004,Phoenix
Phoenix,Flexential Phoenix - Deer Valley Data Center,Flexential,1850 W. Deer Valley Rd,85027,Phoenix
Phoenix,Iron Mountain Data Centers AZS-1,Iron Mountain Data Centers,8521 E Princess Drive,85255,Scottsdale
Phoenix,H5 Data Centers Phoenix,H5 Data Centers,2600 W. Germann Rd.,85286,Chandler
Phoenix,CyrusOne Phoenix Campus,CyrusOne Data Centers,2335 South Ellis St,85286,Chandler
Phoenix,GDC - Phoenix PH1 Data Center,"NTT DATA, Inc.",10256 E Elliot Rd,85212,Mesa
Phoenix,US Signal Phoenix AZ01,"US Signal Company, LLC",1655 W Sunrise Blvd,85233,Gilbert
Phoenix,Iron Mountain Data Centers AZP-1,Iron Mountain Data Centers,615 North 48th Street,85008,Phoenix
Phoenix,PhoenixNAP East University,PhoenixNAP,3402 E University Dr,85034,Phoenix
Phoenix,Iron Mountain Data Centers AZP-2,Iron Mountain Data Centers,4802 East Van Buren Street,85008,Phoenix
Phoenix,Centersquare - Phoenix PHX3-A,Csquare,1301 W University Drive,85201,Mesa
Phoenix,Comarch Mesa,Comarch,3223 S Ellsworth Rd,85212,Mesa
Phoenix,Prime Phoenix Data Center Campus,Prime Data Centers,11753 W Lower Buckeye Rd,85353,Avondale
Phoenix,Prime Phoenix - Building 4,Prime Data Centers,11753 W. Lower Buckeye #4,85323,Avondale
Phoenix,Prime Phoenix - Building 1,Prime Data Centers,11753 W. Lower Buckeye #1,85323,Avondale
Phoenix,EdgeConneX Phoenix - EDCPHX01,EdgeConneX,3011 S. 52nd St,85282,Tempe
Phoenix,Prime Phoenix - Building 2,Prime Data Centers,11753 W. Lower Buckeye #2,85323,Avondale
Phoenix,Prime Phoenix - Building 3,Prime Data Centers,11753 W. Lower Buckeye #3,85323,Avondale
Phoenix,Prime Phoenix - Building 5,Prime Data Centers,11753 W. Lower Buckeye #5,85323,Avondale
Phoenix,CyrusOne PHX3 - Chandler,CyrusOne Data Centers,2305 South Ellis St.,85286,Chandler
Phoenix,LightEdge - Phoenix,LightEdge,120 East Van Buren,85004,Phoenix
Phoenix,Aligned PHX01,Aligned Data Centers,2500 West Union Hills,85027,Phoenix
Phoenix,CyrusOne PHX1 - Chandler,CyrusOne Data Centers,2335 South Ellis St.,85286,Chandler
Phoenix,LexisNexis Scottsdale,LexisNexis,8521 E Princess Dr,85255,Scottsdale
Phoenix,"Stream DC Phoenix I - VI , Goodyear Campus",Stream Data Centers,2950 S. Litchfield Road,85338,Goodyear
Phoenix,Centersquare - Phoenix PHX1-A,Csquare,615 N 48th St,85008,Phoenix
Phoenix,11:11 Systems Scottsdale,11:11 Systems,7499 E Paradise Ln,85260,Scottsdale
Phoenix,Evocative PHX1,Evocative Data Centers,2500 W Union Hills Drive,85048,Phoenix
Phoenix,CyrusOne PHX2 - Chandler,CyrusOne Data Centers,2305 South Ellis St.,85286,Chandler
Phoenix,CyrusOne PHX4 - Chandler,CyrusOne Data Centers,2495 South Ellis St.,85286,Chandler
Phoenix,CyrusOne PHX5 - Chandler,CyrusOne Data Centers,2405 South Ellis St.,85286,Chandler
Phoenix,CyrusOne PHX6 - Chandler,CyrusOne Data Centers,2605 South Ellis St.,85286,Chandler
Phoenix,EdgeCore Phoenix Campus,EdgeCore,3856 S Everton Terrace,85212,Mesa
Phoenix,Edged Phoenix,Edged Energy,8811 E Warner Rd,85296,Gilbert
Phoenix,DCX Goodyear,DCX,16422 W Commerce Dr,85338,Goodyear
Phoenix,CyrusOne PHX7 - Chandler,CyrusOne Data Centers,2705 South Ellis St.,85286,Chandler
Phoenix,Centersquare - Phoenix PHX2-A,Csquare,2055 E Technology Cir,85284,Tempe
Phoenix,Cogent Data Center - Phoenix,"Cogent Communications, Inc.",3410 E. University Drive,85034,Phoenix
Phoenix,DataBank PHX1 - Downtown Phoenix,DataBank,3110 N Central St,85012,Phoenix
Phoenix,Southwest Crossing Data Center Campus,"Ryan Companies US, Inc.",W Houser Rd,85131,Eloy
Phoenix,Cogent Data Center - Phoenix 2,"Cogent Communications, Inc.",1530 E Roeser Rd,85040,Phoenix
Phoenix,Omnis Data Center,Omnis Network,1005 W Geneva Dr,85282,Tempe
Phoenix,Compass Goodyear Campus,Compass Datacenters,850 S Bullard Ave,85338,Goodyear
Phoenix,EdgeCore PH03,EdgeCore,3856 S Everton Terrace,85212,Mesa
Phoenix,EdgeCore PH01,EdgeCore,3856 S Everton Terrace,85212,Mesa
Phoenix,Novva Mesa,Novva,S Ellsworth Rd & E Warner Rd,85212,Mesa
Phoenix,EdgeCore PH02,EdgeCore,3856 S Everton Terrace,85212,Mesa
Phoenix,CyrusOne PHX8 - Chandler,CyrusOne Data Centers,2705 South Ellis St.,85286,Chandler
Phoenix,DataBank PHX2 - Phoenix Sky Harbor,DataBank,615 North 48th Street,85008,Phoenix
Phoenix,2500 W Frye Rd,Lincoln Property Company,2500 W Frye Rd,85224,Chandler
Phoenix,5CDC Phoenix - PHX01,5C Group Inc.,within,"Phoenix, Arizona",TBA
Phoenix,PhoenixNAP West University,PhoenixNAP,2353 W University Dr,85281,Tempe
Phoenix,ColoBarn Phoenix Data Center,ColoBarn,8905 S Beck Ave,85284,Tempe
Phoenix,QTS Phoenix-Van Buren,QTS Data Centers,120 East Van Buren Street,85004,Phoenix
Phoenix,EdgeCore PH04,EdgeCore,3856 S Everton Terrace,85212,Mesa
Phoenix,Buckeye Tech Corridor,Tract,W Yuma Rd & S Johnson Rd,85396,Buckeye
Phoenix,Microsoft Goodyear Airpark Campus,Microsoft,W Broadway Rd,85338,Goodyear
Phoenix,Microsoft Goodyear (PHX70),Microsoft,3785 N Citrus Rd,85395,Goodyear
Phoenix,PhoenixNAP East Elwood,PhoenixNAP,3221 E Elwood St,85034,Phoenix
Phoenix,EdgeCore PH05,EdgeCore,3856 S Everton Terrace,85212,Mesa
Phoenix,Microsoft Goodyear Campus,Microsoft,3785 N Citrus Rd,85395,Goodyear
Phoenix,Microsoft El Mirage Campus,Microsoft,12901 W Olive Ave,85335,El Mirage
Phoenix,Microsoft GoodyearAirpark (PHX10),Microsoft,W Broadway Rd,85338,Goodyear
Phoenix,Expedient Phoenix,Expedient Data Centers,2475 W Townley Ave,85021,Phoenix
Phoenix,Iron Mountain Data Centers AZP-3,Iron Mountain Data Centers,1110 N 52nd St,85008,Phoenix
Phoenix,QTS Phoenix Campus,QTS Data Centers,1200 40th Street,85008,Phoenix
Phoenix,CGI Phoenix Data Center,CGI,within,15 km from downtown,85044
Phoenix,Liquid Web Phoenix,Liquid Web,7025 N Scottsdale Rd,85253,Scottsdale
Phoenix,Vantage Phoenix Campus (AZ1),Vantage Data Centers,45 S Bullard Ave,85338,Goodyear
Phoenix,Southwest Crossing Data Center 2,"Ryan Companies US, Inc.",W Houser Rd,85131,Eloy
Phoenix,Southwest Crossing Data Center 1,"Ryan Companies US, Inc.",W Houser Rd,85131,Eloy
Phoenix,Southwest Crossing Data Center 3,"Ryan Companies US, Inc.",W Houser Rd,85131,Eloy
Phoenix,ClearData Data Center,Cleardata Networks,4250 E Camelback Rd,85018,Phoenix
Phoenix,Hostrunway Phoenix,Hostrunway,2600 W Germann Rd Chandler,AZ 85286,Phoenix
Phoenix,NexusTek Data Center,NexusTek,1919 W Lone Cactus Dr,85027,Phoenix
Phoenix,Apple Mesa Data Center,Apple,3740 S Signal Butte Road,85212,Mesa
Phoenix,Microsoft Goodyear (PHX71),Microsoft,3785 N Citrus Rd,85395,Goodyear
Phoenix,QTS Avondale,QTS Data Centers,S Avondale Blvd & W Lower Buckeye Rd,85353,Avondale
Phoenix,Microsoft El Mirage (PHX80),Microsoft,12901 W Olive Ave,85335,El Mirage
Phoenix,Aligned PHX07,Aligned Data Centers,8785 N Reems Rd,85355,Waddell
Phoenix,NTT Mesa Campus,"NTT DATA, Inc.",E Pecos Rd & S Crismon Rd,85212,Mesa
Phoenix,Vermaland Pinal County,Vermaland,E Sasco Rd,85131,Eloy
Phoenix,Lumen Phoenix 3,Lumen,801 South 16th Street,85034,Phoenix
Phoenix,QTS Glendale,QTS Data Centers,4001 N 159th Ave,85305,Glendale
Phoenix,Microsoft Goodyear Airpark (PHX13),Microsoft,W Broadway Rd,85338,Goodyear
Phoenix,Aligned - Peoria Logistics Park,Aligned Data Centers,"Peoria Logistics Park, N 75th Ave & W Northern Ave",85345,Peoria
Phoenix,Meta Mesa Campus,Meta,3841 S Ellsworth Rd,85212,Mesa
Phoenix,Compass Goodyear - Building 1,Compass Datacenters,850 S Bullard Ave,85338,Goodyear
Phoenix,Microsoft El Mirage (PHX83),Microsoft,12901 W Olive Ave,85335,El Mirage
Phoenix,Phoenix Internet,Phoenix Internet,2922 W Clarendon Ave,85017,Phoenix
Phoenix,Pinal Airpark Road,Beale Infrastructure,E Pinal Airpark Rd & I-10,85653,Marana
Phoenix,Microsoft Goodyear Airpark (PHX11),Microsoft,W Broadway Rd,85338,Goodyear
Phoenix,Aligned PHX08,Aligned Data Centers,3202 W Behrend Dr,85027,Chandler
Phoenix,Aligned PHX09,Aligned Data Centers,3151 W Behrend Dr,85027,Chandler
Phoenix,Compass Goodyear - Building 3,Compass Datacenters,850 S Bullard Ave,85338,Goodyear
Phoenix,Microsoft Goodyear Airpark (PHX15),Microsoft,W Broadway Rd,85338,Goodyear
Phoenix,Microsoft El Mirage (PHX81),Microsoft,12901 W Olive Ave,85335,El Mirage
Phoenix,Hassayampa Ranch,Arizona Land Consulting (ALC),"Hassayampa Ranch, Tonopah Salome Hwy",85354,Buckeye
Phoenix,Aligned PHX06,Aligned Data Centers,2500 S Price Rd,85286,Chandler
Phoenix,Microsoft Goodyear Airpark (PHX14),Microsoft,W Broadway Rd,85338,Goodyear
Phoenix,Aligned PHX13,Aligned Data Centers,8805 N Reems Rd,85355,Waddell
Phoenix,Aligned PHX14,Aligned Data Centers,8805 N Reems Rd,85355,Waddell
Phoenix,Aligned PHX04,Aligned Data Centers,S Price Rd & W Innovation St,85286,Chandler
Phoenix,Aligned PHX12,Aligned Data Centers,8805 N Reems Rd,85355,Waddell
Phoenix,Amazon AWS - Loop 202 & Dobbins Road,Amazon AWS,Loop 202 and W Dobbins Road,85339,Laveen
Phoenix,Johnson Road and Southern Avenue,Arizona Land Consulting (ALC),W Southern Ave & S Johnson Rd,85326,Buckeye
Phoenix,Microsoft Goodyear Airpark (PHX12),Microsoft,W Broadway Rd,85338,Goodyear
Phoenix,Windstream Phoenix,Windstream,1710 E Grant St,85034,Phoenix
Phoenix,Microsoft El Mirage (PHX82),Microsoft,12901 W Olive Ave,85335,El Mirage
Phoenix,Compass Goodyear - Building 2,Compass Datacenters,850 S Bullard Ave,85338,Goodyear
Phoenix,Compass PHX II Campus,Compass Datacenters,W Peoria Ave & N El Mirage Rd,85335,El Mirage
Phoenix,Compass PHX II - Building 1,Compass Datacenters,W Peoria Ave & N El Mirage Rd,85335,El Mirage
Phoenix,Compass PHX II - Building 2,Compass Datacenters,W Peoria Ave & N El Mirage Rd,85335,El Mirage
Phoenix,Compass PHX II - Building 3,Compass Datacenters,W Peoria Ave & N El Mirage Rd,85335,El Mirage
Phoenix,HBS Phoenix,Heartland Business System,10201 S 51st St,85044,Phoenix
Phoenix,ColoHouse Phoenix,ColoHouse,2335 South Ellis Street,85286,Chandler
Phoenix,Vantage AZ14 - Phoenix,Vantage Data Centers,45 S Bullard Ave,85338,Goodyear
Phoenix,EdgeCore Florence Tech Park - Building 7,EdgeCore,E Arizona Farms Rd & N Attaway Rd,85143,Florence
Phoenix,Vantage AZ15 - Phoenix,Vantage Data Centers,45 S Bullard Ave,85338,Goodyear
Phoenix,EdgeCore Florence Tech Park - Building 5,EdgeCore,E Arizona Farms Rd & N Attaway Rd,85143,Florence
Phoenix,EdgeCore Florence Tech Park - Building 1,EdgeCore,E Arizona Farms Rd & N Attaway Rd,85143,Florence
Phoenix,EdgeCore Florence Tech Park - Building 2,EdgeCore,E Arizona Farms Rd & N Attaway Rd,85143,Florence
Phoenix,EdgeCore Florence Tech Park,EdgeCore,E Arizona Farms Rd & N Attaway Rd,85143,Florence
Phoenix,EdgeCore Florence Tech Park - Building 9,EdgeCore,E Arizona Farms Rd & N Attaway Rd,85143,Florence
Phoenix,EdgeCore Florence Tech Park - Building 3,EdgeCore,E Arizona Farms Rd & N Attaway Rd,85143,Florence
Phoenix,EdgeCore Florence Tech Park - Building 10,EdgeCore,E Arizona Farms Rd & N Attaway Rd,85143,Florence
Phoenix,EdgeCore Florence Tech Park - Building 8,EdgeCore,E Arizona Farms Rd & N Attaway Rd,85143,Florence
Phoenix,EdgeCore Florence Tech Park - Building 4,EdgeCore,E Arizona Farms Rd & N Attaway Rd,85143,Florence
Phoenix,EdgeCore Florence Tech Park - Building 6,EdgeCore,E Arizona Farms Rd & N Attaway Rd,85143,Florence
Phoenix,Google Mesa Campus,Google,E Elliot Rd & S Sossaman Rd,85212,Mesa
Phoenix,AT&T Mesa,AT&T,1355 W University Drive,85201,Mesa
Phoenix,STACK Infrastructure PHX01C,STACK INFRASTRUCTURE,W Lower Buckeye Rd & S Litchfield Rd,85323,Avondale
Phoenix,Google Mesa - Phase 1,Google,E Elliot Rd & S Sossaman Rd,85212,Mesa
Phoenix,Meta Mesa - Building 5,Meta,3841 S Ellsworth Rd,85212,Mesa
Phoenix,Lumen Phoenix 2,Lumen,17 E. Virginia Ave,85004,Phoenix
Phoenix,Vantage AZ13 - Phoenix,Vantage Data Centers,45 S Bullard Ave,85338,Goodyear
Phoenix,Google Mesa - Phase 2,Google,E Elliot Rd & S Sossaman Rd,85212,Mesa
Phoenix,Meta Mesa - Building 1,Meta,3841 S Ellsworth Rd,85212,Mesa
Phoenix,Meta Mesa - Building 4,Meta,3841 S Ellsworth Rd,85212,Mesa
Phoenix,Vantage AZ11 - Phoenix,Vantage Data Centers,45 S Bullard Ave,85338,Goodyear
Phoenix,Vantage AZ12 - Phoenix,Vantage Data Centers,45 S Bullard Ave,85338,Goodyear
Phoenix,Meta Mesa - Building 2,Meta,3841 S Ellsworth Rd,85212,Mesa
Phoenix,Meta Mesa - Building 3,Meta,3841 S Ellsworth Rd,85212,Mesa
Phoenix,STACK Infrastructure PHX01B,STACK INFRASTRUCTURE,W Lower Buckeye Rd & S Litchfield Rd,85323,Avondale
Phoenix,STACK Infrastructure PHX01A,STACK INFRASTRUCTURE,W Lower Buckeye Rd & S Litchfield Rd,85323,Avondale
Phoenix,Lumen Phoenix 1,Lumen,811 South 16th Street,85034,Phoenix
Phoenix,Google Mesa - Phase 3,Google,E Elliot Rd & S Sossaman Rd,85212,Mesa
Phoenix,Menlo Digital MD-PX1 (Phoenix),Menlo Digital,4801-4811 E Thistle Landing Dr,85044,Phoenix
Phoenix,Lumen Phoenix 4,Lumen,3220 N 3rd St,85012,Phoenix
Phoenix,Menlo Digital MD-PX1 - Building 3,Menlo Digital,4801-4811 E Thistle Landing Dr,85044,Phoenix
Phoenix,Menlo Digital MD-PX1 - Building 4,Menlo Digital,4801-4811 E Thistle Landing Dr,85044,Phoenix
Phoenix,Menlo Digital MD-PX1 - Building 2,Menlo Digital,4801-4811 E Thistle Landing Dr,85044,Phoenix
Phoenix,Menlo Digital MD-PX1 - Building 5,Menlo Digital,4801-4811 E Thistle Landing Dr,85044,Phoenix
Phoenix,Menlo Digital MD-PX1 - Building 1,Menlo Digital,4801-4811 E Thistle Landing Dr,85044,Phoenix
Philadelphia,Flexential Phiadelphia - Collegeville Data Center,Flexential,101 Troutman Rd,19426,Collegeville
Philadelphia,Netrality - 401 N Broad,Netrality,401 N Broad,19106,Philadelphia
Philadelphia,TierPoint Lehigh Valley,TierPoint,3949 Schelden Circle,18017,Bethlehem
Philadelphia,TierPoint Philadelphia- Navy Yard,TierPoint,4775 League Island Boulevard,Philadelphia,Pennsylvania
Philadelphia,Colocation America PHILLYDC2,Colocation America,1000 Adams Ave,19403,Eagleville
Philadelphia,DataBank PHL1 - Downtown Philadelphia,DataBank,401 N Broad St,19108,Philadelphia
Philadelphia,Keystone NAP,Keystone NAP,150 Solar Dr,19030,Fairless Hills
Philadelphia,365 Data Centers - Philadelphia (University City),365 Data Centers,3701 Market St,19104,Philadelphia
Philadelphia,Equinix PH1,Equinix,401 North Broad Street,19123,Philadelphia
Philadelphia,H5 Data Centers Philadelphia,H5 Data Centers,1500 Spring Garden St,19130,Philadelphia
Philadelphia,365 Data Centers - Philadelphia (Downtown),365 Data Centers,1500 Spring Garden St,19130,Philadelphia
Philadelphia,TrueNet,TrueNet,24 Hagerty Blvd,19382,West Chester
Philadelphia,11:11 Systems Philadelphia,11:11 Systems,401 N Broad Street,19108,Philadelphia
Philadelphia,DaSTOR King of Prussia I,"DaSTOR, LLC",411 Swedeland Rd,19406,King of Prussia
Philadelphia,DaSTOR King of Prussia II,"DaSTOR, LLC",3400 Horizon Dr.,19406,King of Prussia
Philadelphia,Comcast Moorestown,Comcast,650 Centerton Rd,08057,Moorestown
Philadelphia,Crown Castle Philadelphia (PA1),CROWN CASTLE,401 N Broad St,19108,Philadelphia
Philadelphia,Crown Castle Philadelphia (PA2),CROWN CASTLE,1309 Noble St,19123,Philadelphia
Philadelphia,Unisecure Philadelphia DC,Unisecure Data Centers,2401 Locust St,19103,Philadelphia
Philadelphia,Colocation America PHILLYDC3,Colocation America,3949 Schelden Cir,18017,Bethlehem
Philadelphia,Windstream New York,Windstream,401 N Broad Street,19123,New York
Philadelphia,Unisecure Conshohocken DC,Unisecure Data Centers,555 E North Ln,19428,Conshohocken
Philadelphia,1547 Chester County PA,1547 Critical Systems Realty,N Malvern Hunt Way & Swedesford Rd,19355,Malvern
Philadelphia,ColoHouse Philadelphia,ColoHouse,2401 Locust Street,19103,Philadelphia
Philadelphia,Digital Edge Philly,Digital Edge,401 N Broad Street,19123,Philadelphia
Philadelphia,Comcast West Chester,Comcast,1354 E Boot Rd,19380,West Chester
Philadelphia,Colocation America PHILLYDC1,Colocation America,9999 Hamilton Blvd,18031,Breinigsville
Philadelphia,York  Energy Center DC,Calpine Corporation,1055 Pikes Peak Rd,17314,Delta
Philadelphia,Keystone Trade Center,NorthPoint Development,700 S Port Rd,19030,Fairless Hills
Philadelphia,LightWave Networks,"LightWave Networks, Inc",401 North Broad St,19108,Philadelphia
Philadelphia,Pennhurst Data Center Campus,Unknown Company,1205 Commonwealth Dr,19475,Spring City
Philadelphia,Lumen Philadelphia 1,Lumen,401 N Broad Street,19123,Philadelphia
Philadelphia,Project Laurel - Building 2,Unknown Company,Evergreen Rd & Sanatoga Rd,19464,Pottstown
Philadelphia,Project Laurel Campus,Unknown Company,Sanatoga Rd / Evergreen Rd / Possum Hollow Rd / Lightcap Rd,19464,Pottstown
Philadelphia,Project Laurel - Building 7,Unknown Company,Lightcap Rd,19464,Pottstown
Philadelphia,Project Laurel - Building 6,Unknown Company,Lightcap Rd,19464,Pottstown
Philadelphia,Project Laurel - Building 3,Unknown Company,Sanatoga Rd,19464,Pottstown
Philadelphia,Project Laurel - Building 1,Unknown Company,Evergreen Rd,19464,Pottstown
Philadelphia,Project Laurel - Building 8,Unknown Company,Lightcap Rd & Possum Hollow Rd,19464,Pottstown
Philadelphia,Project Laurel - Building 5,Unknown Company,Lightcap Rd,19464,Pottstown
Philadelphia,Project Laurel - Building 4,Unknown Company,Sanatoga Rd,19464,Pottstown
Philadelphia,Lumen Philadelphia 2,Lumen,701 Market Street,19106,Philadelphia
Philadelphia,Lumen Philadelphia 3,Lumen,3020 Market Street,19104,Philadelphia
San Antonio,CyrusOne SAT1 - San Antonio,CyrusOne Data Centers,9999 Westover Hills Blvd,78251,San Antonio
San Antonio,CyrusOne SAT2 - San Antonio,CyrusOne Data Centers,9554 Westover Hills Blvd,78251,San Antonio
San Antonio,CyrusOne SAT5 - San Antonio,CyrusOne Data Centers,14719 Omicron Dr.,78245,San Antonio
San Antonio,SATC Colo,SATC Colo,3463 Magic Drive,78229,San Antonio
San Antonio,H5 Data Centers San Antonio,H5 Data Centers,100 Taylor St.,78205,San Antonio
San Antonio,Stream DC San Antonio II - Westover Hills,Stream Data Centers,9550 Westover Hills Blvd,78251,San Antonio
San Antonio,Vantage TX12 - San Antonio,Vantage Data Centers,17420 Omicron Dr,78245,San Antonio
San Antonio,Vantage TX11 - San Antonio,Vantage Data Centers,14720 Omicron Dr,78245,San Antonio
San Antonio,CloudHQ SAT Campus,CloudHQ,15255 Lambda Dr,78245,San Antonio
San Antonio,Microsoft Texas Research Park (TRP1),Microsoft,15000 Lambda Dr,78245,San Antonio
San Antonio,Microsoft Texas Research Park (TRP2),Microsoft,15000 Lambda Dr,78245,San Antonio
San Antonio,CityNAP,CityNAP,415 N Main Ave,78205,San Antonio
San Antonio,San Antonio Data Center,"Five 9s Digital, LLC",8500 Vicar Drive,78218,San Antonio
San Antonio,CloudHQ SAT5,CloudHQ,15255 Lambda Dr,78245,San Antonio
San Antonio,CloudHQ SAT1,CloudHQ,15255 Lambda Dr,78245,San Antonio
San Antonio,CloudHQ SAT3,CloudHQ,15255 Lambda Dr,78245,San Antonio
San Antonio,CloudHQ SAT4,CloudHQ,15255 Lambda Dr,78245,San Antonio
San Antonio,Stream DC San Antonio III,Stream Data Centers,11203 W Military Drive,78253,San Antonio
San Antonio,American Tower EDC San Antonio,American Tower Corporation,5436 W US Hwy 90,78219,San Antonio
San Antonio,CloudHQ SAT2,CloudHQ,15255 Lambda Dr,78245,San Antonio
San Antonio,Microsoft Texas Research Park,Microsoft,15000 Lambda Dr,78245,San Antonio
San Antonio,Rowan Cinco,Rowan Digital Infrastructure,TX-132 & Co Rd 683,78052,Lytle
San Antonio,Vantage TX22 - San Antonio,Vantage Data Centers,5207 Rogers Rd,78251,San Antonio
San Antonio,Microsoft San Antonio (SAT15),Microsoft,3555 Westover Link,78251,San Antonio
San Antonio,Microsoft Texas Research Park (SAT46 / TRP3),Microsoft,15000 Lambda Dr,78245,San Antonio
San Antonio,Microsoft San Antonio (SAT80 & SAT81),Microsoft,18844 Fm1957,78009,Castroville
San Antonio,Microsoft Texas Research Park (TRP4),Microsoft,15000 Lambda Dr,78245,San Antonio
San Antonio,Microsoft San Antonio Chevron,Microsoft,5150 Rogers Rd,78251,San Antonio
San Antonio,CyrusOne SAT3 - San Antonio,CyrusOne Data Centers,9554 Westover Hills Boulevard,78251,San Antonio
San Antonio,Duos Edge AI - Victoria EDC,"Duos Edge AI, Inc.",1905 Leary Ln,77901,Victoria
San Antonio,Vantage TX21 - San Antonio,Vantage Data Centers,5207 Rogers Rd,78251,San Antonio
San Antonio,CyrusOne SAT9 - San Antonio,CyrusOne Data Centers,14815 Omicron Dr,78245,San Antonio
San Antonio,Windstream San Antonio,Windstream,106 S St Mary's St,78205,San Antonio
San Antonio,Amazon AWS SAT - 12807 Donop,Amazon AWS,12807 Donop Rd,78223,Elmendorf
San Antonio,Microsoft Texas Research Park (TRP5),Microsoft,15000 Lambda Dr,78245,San Antonio
San Antonio,Microsoft San Antonio (SN7),Microsoft,5200 Rogers Rd,78251,San Antonio
San Antonio,Amazon AWS SAT - 7400 Potranco,Amazon AWS,7400 Potranco Rd,78251,San Antonio
San Antonio,CyrusOne SAT8 - San Antonio,CyrusOne Data Centers,14677 Omicron Dr,78245,San Antonio
San Antonio,CyrusOne SAT6 - San Antonio,CyrusOne Data Centers,14719 Omicron Drive,78245,San Antonio
San Antonio,Microsoft Texas Research Park (SAT40),Microsoft,15000 Lambda Dr,78245,San Antonio
San Antonio,Microsoft Texas Research Park (TRP6),Microsoft,15000 Lambda Dr,78245,San Antonio
San Antonio,CyrusOne SAT4 - San Antonio,CyrusOne Data Centers,9655 Raba Drive,78251,San Antonio
San Antonio,QTS San Antonio,QTS Data Centers,8535 Potranco Rd,78251,San Antonio
San Antonio,Microsoft Wiseman Boulevard (SAT14),Microsoft,3545 Wiseman Blvd,78251,San Antonio
San Antonio,CloudBurst Central Texas,CloudBurst Data Centers,within,a 75-acre site near both Austin and San Antonio in Central Texas.,78666
San Antonio,Lumen San Antonio 3,Lumen,214 E Ramsey Rd,78216,San Antonio
San Antonio,18844 Farm-to-Market 1957,Microsoft,18844 Fm1957,78009,Castroville
San Antonio,Microsoft San Antonio (SAT89),Microsoft,2995 US Hwy 90 W,78009,Castroville
San Antonio,Lumen San Antonio 2,Lumen,1203 N. Frio Street,78207,San Antonio
San Antonio,Microsoft San Antonio (SAT90),Microsoft,2995 US Hwy 90 W,78009,Castroville
San Antonio,Microsoft San Antonio (SAT93),Microsoft,within,"Medina, Texas, along County Road 381",78253
San Antonio,Microsoft San Antonio (SAT82),Microsoft,2580 Farm-to-Market 471 North,78009,Castroville
San Antonio,Microsoft San Antonio (SAT94),Microsoft,within,"Medina, Texas, along County Road 381",78253
San Antonio,Lumen San Antonio 1,Lumen,5130 Service Center Drive,78218,San Antonio
San Diego,MDC San Diego - SDG1,MDC Data Centers,7014 Manya Cir,92154,San Diego
San Diego,DataBank SAN1 - San Diego World Trade,DataBank,12270 World Trade Dr,92128,San Diego
San Diego,EdgeConneX San Diego - EDCSDG01,EdgeConneX,5761 Copley Drive,92111,San Diego
San Diego,Cogent Data Center - San Diego 2,"Cogent Communications, Inc.",9530 Towne Centre Drive,92121,San Diego
San Diego,ScaleMatrix San Diego,ScaleMatrix,5775 Kearny Villa Rd,92123,San Diego
San Diego,LightEdge - San Diego I,LightEdge,9305 Lightwave Ave,92123,San Diego
San Diego,I2B Networks San Diego,"I2B Networks, Inc",8830 Complex Dr,92123,San Diego
San Diego,CARI.net Campus,CARI.net,8915 Complex Drive,92123,Kearney Mesa
San Diego,Cogent Data Center - San Diego 1,"Cogent Communications, Inc.",525 B Street,92101,San Diego
San Diego,SimpleNet Colo,"SimpleNet, Inc.",225 Broadway,92101,San Diego
San Diego,Cogent Data Center - San Diego 3,"Cogent Communications, Inc.",1402 K St,92101,San Diego
San Diego,LightEdge - San Diego II,LightEdge,9725 Scranton Road,92121,San Diego
San Diego,Lumen San Diego 1,Lumen,8929 Aero Drive,92123,San Diego
San Diego,Lumen San Diego 2,Lumen,8923 Complex Drive,92123,San Diego
Dallas,2323 Bryan Street (DFW10),Digital Realty,2323 Bryan Street,75201,Dallas
Dallas,4025 Midway Rd (DFW11),Digital Realty,4025 Midway Rd,75007,Carrollton
Dallas,1232 Alma Road (DFW16),Digital Realty,1232 Alma Road,75081,Richardson
Dallas,H5Colo  Inc.,H5 Colo Inc.,12712 Park Central Dr,75251,Dallas
Dallas,8435 Stemmons Freeway (DFW36),Digital Realty,8435 Stemmons Freeway,75247,Dallas
Dallas,850 E. Collins Boulevard (DFW28),Digital Realty,850 E. Collins Boulevard,75081,Richardson
Dallas,900 Quality Way (DFW17),Digital Realty,900 Quality Way,75081,Richardson
Dallas,1210 Integrity Drive (DFW18),Digital Realty,1210 Integrity Drive,75081,Richardson
Dallas,Cologix DAL1,Cologix,1950 N. Stemmons Fwy,75207,Dallas
Dallas,Cologix DAL3,Cologix,1950 North Stemmons Freeway,75207,Dallas
Dallas,Cologix DAL2,Cologix,1950 North Stemmons Freeway,75207,Dallas
Dallas,1215 Integrity Drive (DFW25),Digital Realty,1215 Integrity Drive,75081,Richardson
Dallas,950 E. Collins Boulevard (DFW29),Digital Realty,950 E. Collins Boulevard,75081,Richardson
Dallas,2440 Marsh Lane (DFW12),Digital Realty,2440 Marsh Lane,75006,Carrollton
Dallas,4849 Alpha Road (DFW14),Digital Realty,4849 Alpha Road,75244,Dallas
Dallas,907 Security Row (DFW35),Digital Realty,907 Security Row,75081,Richardson
Dallas,Hivelocity - Dallas 1,Hivelocity,1515 Round Table Dr,75247,Dallas
Dallas,Flexential Dallas - Richardson Data Center,Flexential,3010 Waterview Parkway,75080,Richardson
Dallas,2501 S. State Highway 121 (DFW26),Digital Realty,2501 S. State Highway 121,75056,Lewisville
Dallas,Flexential Dallas - Downtown Data Center,Flexential,1950 Stemmons Freeway,75207,Dallas
Dallas,Flexential Dallas - Plano Data Center,Flexential,3500 E Plano Pkwy,75074,Plano
Dallas,Datacenter Park - Dallas,Digital Realty,900-908 Quality Way,75081,Richardson
Dallas,908 Quality Way (DFW20),Digital Realty,908 Quality Way,75081,Richardson
Dallas,Digital Realty Garland Campus,Digital Realty,1702 W Campbell Rd / 1502 Ferris Rd / 1505 Ferris Rd,75044,Garland
Dallas,904 Quality Way (DFW21),Digital Realty,904 Quality Way,75081,Richardson
Dallas,1702 W Campbell Rd,Digital Realty,1702 W Campbell Rd,75044,Garland
Dallas,1502 Ferris Rd,Digital Realty,1502 Ferris Rd,75044,Garland
Dallas,1505 Ferris Rd,Digital Realty,1505 Ferris Rd,75044,Garland
Dallas,GDC - Dallas TX1 Data Center,"NTT DATA, Inc.",2008 Lookout Drive,75044,Garland
Dallas,CyrusOne DFW1 - Carrollton,CyrusOne Data Centers,1649 Frankfort Road West,75007,Carrollton
Dallas,"IRVING-TX (Dallas, Texas)",Cloudnium LLC.,6001 W Campus Circle,75063,Irving city
Dallas,Prime Dallas Data Center Campus,Prime Data Centers,1515 Round Table,75247,Dallas
Dallas,CyrusOne DFW3 - Allen,CyrusOne Data Centers,2300 Chelsea Blvd,75013,Allen
Dallas,CyrusOne DFW2 - Lewsiville,CyrusOne Data Centers,2501 S. State Hwy 121 Business,75067,Lewsiville
Dallas,CoreSpace Dallas Data Center,"CoreSpace, Inc.",7505 John W Carpenter Freeway,75247,Dallas
Dallas,DataBank DFW1 - Downtown Dallas,DataBank,400 S Akard St,75202,Dallas
Dallas,Equinix DA1,Equinix,1950 North Stemmons Freeway,75207,Dallas
Dallas,Alpha Data Center,M&A Technology Inc.,4407 Alpha Road,75244,Dallas
Dallas,Equinix DA6,Equinix,1950 North Stemmons Freeway,75207,Dallas
Dallas,Centersquare - Dallas DFW3-A,Csquare,11830 Webb Chapel Rd.,75234,Dallas
Dallas,Prime Dallas - Data Center 1,Prime Data Centers,1515 Round Table,75247,Dallas
Dallas,TierPoint Dallas,TierPoint,3004 Irving Blvd,75247,Dallas
Dallas,DataBank DFW2 - North Dallas,DataBank,904 Quality Way,75801,Dallas
Dallas,Tierpoint Dallas-Allen,TierPoint,820 Allen Commerce Parkway,75013,Allen
Dallas,Equinix DA2,Equinix,1950 North Stemmons Freeway,75207,Dallas
Dallas,Equinix DA11,Equinix,1990 North Stemmons Freeway,75207,Dallas
Dallas,Prime Dallas - Data Center 2,Prime Data Centers,1517 Round Table,75247,Dallas
Dallas,TierPoint Dallas - Fort Worth,TierPoint,13701 Independence,76177,Fort Worth
Dallas,Evocative DAL6,Evocative Data Centers,1221 Coit Road,75075,Plano
Dallas,Cogent Data Center - Dallas,"Cogent Communications, Inc.",400 S. Akard St,75202,Dallas
Dallas,Centersquare - Dallas DFW2-A,Csquare,900 Guardians Way,75013,Dallas
Dallas,VAZATA Dallas I,VAZATA,4025 Midway Road,75007,Carrollton
Dallas,DataBank DFW5 - Dallas Infomart,DataBank,1950 Stemmons Fwy,75207,Dallas
Dallas,GDC - Dallas TX4 Data Center,"NTT DATA, Inc.",2011 Lookout Drive,75044,Garland
Dallas,GDC - Dallas TX2 Data Center,"NTT DATA, Inc.",2108 Lookout Drive,75044,Garland
Dallas,VAZATA McKinney,VAZATA,1720 Bray Central Dr,75069,McKinney
Dallas,Equinix DA3,Equinix,1950 North Stemmons Freeway,75207,Dallas
Dallas,Aligned DFW-01,Aligned Data Centers,2800 Summit Avenue,75074,Plano
Dallas,Edged Dallas-Fort Worth DFW01-1,Edged Energy,505 N Wildwood Dr,75061,Irving
Dallas,Serverphase Data Center,M&A Technology Inc.,2045 Chenault Drive,75006,Carrollton
Dallas,Resilience DFW,Overwatch Capital,6815 Communications Pkwy,75024,Plano
Dallas,DataBank DFW6 - Dallas Love Field,DataBank,8600 Harry Hines Blvd,75235,Dallas
Dallas,DataBank DFW7 - Dallas LBJ,DataBank,6606 Lyndon B Johnson Fwy,75240,Dallas
Dallas,DataBank DFW3 - Plano,DataBank,8375 Dominion Pkwy,75024,Plano
Dallas,365 Data Centers - Richardson,365 Data Centers,1001 East Campbell Road,75081,Richardson
Dallas,ScaleMatrix Dallas,ScaleMatrix,820 Allen Commerce Pkwy,75013,Allen
Dallas,Evocative DAL1,Evocative Data Centers,2800 Summit Ave,75074,Plano
Dallas,Provision Data Services,Provision Data Services,2020 Live Oak,75201,Dallas
Dallas,Rackspace Dallas 2,Rackspace Hosting,1215 Integrity Drive,75081,Richardson
Dallas,DataBank DFW4 - Dallas Empire,DataBank,1100 Empire Central Place,75247,Dallas
Dallas,24 Hour Data Plano,24 Hour Data,811 E Plano Pkwy,75074,Plano
Dallas,ColoCrossing DFW1,ColoCrossing,3004 Irving Blvd,75247,Dallas
Dallas,Equinix DA7,Equinix,6653 Pinecrest Dr,75024,Plano
Dallas,GDC - Dallas TX3 Data Center,"NTT DATA, Inc.",2080 Lookout Drive,75044,Garland
Dallas,GIPNetworks Plano,Plano Data Center | Global IP Networks,1009 Jupiter Rd,75074,Plano
Dallas,Stream DC DFW VII - Garland,Stream Data Centers,1813 Lookout Drive,75044,Garland
Dallas,STACK Infrastructure DFW02 Campus,STACK INFRASTRUCTURE,E Belt Line Road,75146,Lancaster
Dallas,VAZATA Dallas II,VAZATA,2440 Marsh Lane,75007,Carrollton
Dallas,Stream DC DFWC - Wilmer II Campus,Stream Data Centers,"930 Sunrise Rd, Lancaster, TX , USA",75146,Wilmer
Dallas,Infomart Dallas,Equinix,1950 N. Stemmons Freeway,75207,Dallas
Dallas,STACK Infrastructure DFW01B,STACK INFRASTRUCTURE,6715 Pinecrest Dr,75024,Plano
Dallas,STACK Infrastructure DFW01A,STACK INFRASTRUCTURE,6653 Pinecrest Dr,75024,Plano
Dallas,Stream DC DFWC1,Stream Data Centers,930 N Sunrise Rd,75172,Wilmer
Dallas,DigiCo Dallas DAL1,DigiCo Infrastructure REIT,1402 E Lookout Dr,75082,Richardson
Dallas,Cogent Data Center - Irving,"Cogent Communications, Inc.",2511 E Grauwyler Rd,75061,Irving
Dallas,ColoHouse Dallas,ColoHouse,1649 West Frankford Road,75007,Dallas
Dallas,QTS Irving Campus,QTS Data Centers,6431 Longhorn Drive,75063,Irving
Dallas,Neutron Data Center,M&A Technology Inc.,13616 Neutron Road,75244,Dallas
Dallas,Equinix DA4,Equinix,2323 Bryan St,75201,Dallas
Dallas,Cogent Data Center - Fort Worth,"Cogent Communications, Inc.",1400 E Presidio St,76102,Fort Worth
Dallas,Epic.io Dallas Data Center,Epic.io,1526 Viceroy Dr,75235,Dallas
Dallas,Enterhost Data Center,Consuro Managed Technology,801 Cherry Street,76102,Fort Worth
Dallas,5CDC Dallas-Fort Worth - DFW01,5C Group Inc.,1201 John Burgess Dr,76140,Fort Worth
Dallas,STACK Infrastructure DFW02A,STACK INFRASTRUCTURE,E Belt Line Road,75146,Lancaster
Dallas,STACK Infrastructure DFW02B,STACK INFRASTRUCTURE,E Belt Line Road,75146,Lancaster
Dallas,STACK Infrastructure DFW02E,STACK INFRASTRUCTURE,E Belt Line Road,75146,Lancaster
Dallas,STACK Infrastructure DFW02C,STACK INFRASTRUCTURE,E Belt Line Road,75146,Lancaster
Dallas,STACK Infrastructure DFW02D,STACK INFRASTRUCTURE,E Belt Line Road,75146,Lancaster
Dallas,STACK Infrastructure DFW02F,STACK INFRASTRUCTURE,E Belt Line Road,75146,Lancaster
Dallas,Equinix DA9,Equinix,2222 East Grauwyler Road,75061,Irving
Dallas,Vantage Frontier - Shackelford County,Vantage Data Centers,TX-351 & Farm to Market Road 604,79601,Abilene
Dallas,DataBank DFW9 - Red Oak,DataBank,Batchler Rd & Stainback Rd,75154,Red Oak
Dallas,CyrusOne DFW10 - Whitney,CyrusOne Data Centers,557 County Rd 3610,76692,Whitney
Dallas,STACK Infrastructure DFW01C,STACK INFRASTRUCTURE,5601 W Spring Creek Pkwy,75024,Plano
Dallas,DataBank DFW8 - Plano,DataBank,8375 Dominion Pkwy,75024,Plano
Dallas,DataBank DFW10 - Red Oak,DataBank,Batchler Rd & Stainback Rd,75154,Red Oak
Dallas,Centersquare - Dallas DFW1,Csquare,14901 FAA Blvd,76155,Fort Worth
Dallas,QTS Fort Worth 1 DC1,QTS Data Centers,14100 Park Vista Boulevard,76177,Fort Worth
Dallas,QTS Irving DC1 & DC2,QTS Data Centers,6431 Longhorn Drive,75063,Irving
Dallas,CyrusOne DFW17B - Whitney,CyrusOne Data Centers,557 County Rd 3610,76692,Whitney
Dallas,CyrusOne DFW11 - Whitney,CyrusOne Data Centers,557 County Rd 3610,76692,Whitney
Dallas,Tier.Net Dallas Data Center,TierNet,1515 Round Table Dr,75247,Dallas
Dallas,Aligned DFW-04,Aligned Data Centers,601 North Star Rd,75074,Plano
Dallas,Equinix DA12-2,Equinix,1550 W Mockingbird Ln,75235,Dallas
Dallas,KDC Richardson,KDC,1510 E Lookout Dr,75082,Richardson
Dallas,Riot Platforms Corsicana,"Riot Platforms, Inc.",6980 Farm to Market Rd 709,75110,Corsicana
Dallas,CyrusOne DFW17C - Whitney,CyrusOne Data Centers,557 County Rd 3610,76692,Whitney
Dallas,CyrusOne DFW17 - Whitney,CyrusOne Data Centers,557 County Rd 3610,76692,Whitney
Dallas,CoreWeave Plano,CoreWeave,1000 Coit Rd,75075,Plano
Dallas,ServerMania Dallas Data Center,ServerMania Inc,3000 Irving Blvd,75247,Dallas
Dallas,Aligned DFW-02,Aligned Data Centers,2800 Summit Avenue,75074,Plano
Dallas,Edged Dallas-Fort Worth DFW01-2,Edged Energy,N Wildwood Dr,75061,Irving
Dallas,Cogent Data Center - Dallas 2,"Cogent Communications, Inc.",146 Parkhouse St,75207,Dallas
Dallas,Project Orange,Unknown Company,201 Sunrise Road,75146,Lancaster
Dallas,Skybox Atlantic Station,Skybox Datacenters,2300 W Plano Pkwy,75075,Plano
Dallas,Skybox Legacy Campus,Skybox Datacenters,within,about 25 miles north of Downtown Austin,75075
Dallas,Core Scientific Denton,Core Scientific,8171 Jim Christal Rd,76207,Denton
Dallas,Skybox PowerCampus Dallas,Skybox Datacenters,within,near Interstate 35E,75146
Dallas,Consolidated Dallas,Consolidated Communications,400 S Akard St,75202,Dallas
Dallas,Nexus Hubbard Campus,Nexus Data Centers,880 State Hwy 171,76648,Hubbard
Dallas,DataBank Red Oak Campus,DataBank,Batchler Rd & Stainback Rd,75154,Red Oak
Dallas,NTT Garland Campus,"NTT DATA, Inc.",2008-2108 Lookout Drive,75044,Garland
Dallas,Aligned Plano Campus,Aligned Data Centers,2800 Summit Avenue,75074,Plano
Dallas,Aligned DFW-03,Aligned Data Centers,3801 Britton Rd,76063,Mansfield
Dallas,Stream DC DFW-VIII - Wilmer,Stream Data Centers,60 Sunrise Road,75146,Wilmer
Dallas,QTS South Dallas Campus,QTS Data Centers,303 Mason Rd,75146,Lancaster
Dallas,QTS Irving DC3,QTS Data Centers,6351 Longhorn Drive,75063,Irving
Dallas,Wowrack Dallas,Wowrack,4939 Reading St,75247,Dallas
Dallas,CyrusOne DFW6 - Richardson,CyrusOne Data Centers,1510 E Lookout Dr,75082,Richardson
Dallas,CyrusOne Whitney Campus,CyrusOne Data Centers,557 County Rd 3610,76692,Whitney
Dallas,Lincoln Red Oak Campus,Lincoln Property Company,within,"Red Oak, Texas along the newly opened Loop 9 highway",75154
Dallas,1000 Coit Road,Lincoln Property Company,1000 Coit Rd,75075,Plano
Dallas,Google Midlothian Data Center,Google,3800 Railport Pkwy,76065,Midlothian
Dallas,Psychz Dallas,Psychz Networks,1515 Roundtable Dr,75457,Dallas
Dallas,Prometheus TX-1,Prometheus Hyperscale,6998 Farm to Market 987,75160,Terrell
Dallas,QTS South Dallas DC3,QTS Data Centers,303 Mason Rd,75146,Lancaster
Dallas,Equinix DA12-1,Equinix,1550 W Mockingbird Ln,75235,Dallas
Dallas,QTS South Dallas DC1,QTS Data Centers,303 Mason Rd,75146,Lancaster
Dallas,QTS South Dallas DC2,QTS Data Centers,303 Mason Rd,75146,Lancaster
Dallas,DataBank - 2323 Bryan St,DataBank,2323 Bryan St,75201,Dallas
Dallas,Project Labrador,Unknown Company,1401 Greene Road,75146,Lancaster
Dallas,365 Data Centers - Dallas,365 Data Centers,2323 Bryan St.,75201,Dallas
Dallas,CyrusOne DFW7 - Fort Worth,CyrusOne Data Centers,Asphalt Dr,76179,Fort Worth
Dallas,Windstream Dallas,Windstream,600 N Pearl St,75201,Dallas
Dallas,LightEdge - Dallas,LightEdge,2501 State Hwy 121,75067,Lewisville
Dallas,Compass Red Oak - 300 Houston School Rd,Compass Datacenters,300 Houston School Rd,75154,Red Oak
Dallas,Yondr Lancaster,Yondr Group,within,"Lancaster, south of Dallas",TBA
Dallas,DataBank DFW11 - Red Oak,DataBank,Batchler Rd & Stainback Rd,75154,Red Oak
Dallas,Mobius Partners - Farmers Branch,Mobius Partners,4215 N. Beltwood Pkwy,75244,Farmers Branch
Dallas,Edged Dallas-Fort Worth DFW02,Edged Energy,I-20 & Chapin School Rd,76126,Fort Worth
Dallas,Edged Dallas-Fort Worth DFW01 Campus,Edged Energy,505 N Wildwood Dr,75061,Irving
Dallas,Meta Fort Worth Data Center,Meta,4500 Like Way,76177,Fort Worth
Dallas,DataBank DFW12 - Red Oak,DataBank,Batchler Rd & Stainback Rd,75154,Red Oak
Dallas,Project Annie,Soluna Computing,within,Tyson Nick Solar Project,75460
Dallas,4099 Hereford Street,Frasier Cole,4099 Hereford St,76043,Glen Rose
Dallas,PowerHouse Grand Prairie,PowerHouse Data Centers,881 Miller Rd,76065,Midlothian
Dallas,Equinix DA12 Campus,Equinix,1550 W Mockingbird Ln,75235,Dallas
Dallas,Lumen Dallas,Lumen,3180 Irving Blvd.,75247,Dallas
Dallas,Lumen Fort Worth 2,Lumen,1101 E 9th St,76102,Fort Worth
Dallas,PowerHouse Irving Campus,PowerHouse Data Centers,111 Customer Way,75039,Irving
Dallas,Eonix Communications Dallas,Eonix Communications Inc,1515 Round Table Drive,75207,Dallas
Dallas,Black Mountain Power LLC,Unknown Company,7600-7780 Forest Hill Dr & LonStephenson Rd,76140,Forest Hill
Dallas,LOGIX Fort Worth,LOGIX FIBER NETWORKS,307-309 West 7th St,76102,Fort Worth
Dallas,NocRoom Dallas Colocation and VPS,NocRoom Miami Colocation VPS,33004 Irving Blvd,75247,Dallas
Dallas,LOGIX Dallas #1,LOGIX FIBER NETWORKS,2323 Bryan St,75201,Dallas
Dallas,Lunavi Dallas,Lunavi,"1950 North Stemmons, Fwy",75207,Dallas
Dallas,Cisco Allen Data Center,Cisco Systems,2260 Chelsea Blvd,75013,Allen
Dallas,Cisco Richardson Data Center,Cisco Systems,2300 E President George Bush Hwy,75082,Richardson
Dallas,LOGIX Dallas #2,LOGIX FIBER NETWORKS,2914 Taylor Street,75226,Dallas
Dallas,ATOS Dallas Data Center,Atos Group,2323 Bryan Street,75201,Dallas
Dallas,TPx Dallas Data Center,TPx Communications,717 N Harwood St,75201,Dallas
Dallas,Synoptek - Dallas Data Center,Synoptek,2323 Bryan Street,75201,Dallas
Dallas,IBM DAL07,IBM,1700 Summit Ave,75074,Plano
Dallas,IBM DAL01,IBM,1950 N. Stemmons Freeway,75207,Dallas
Dallas,IBM DAL02/06,IBM,1333 North Stemmons Freeway,75207,Dallas
Dallas,PowerHouse Irving - Building A,PowerHouse Data Centers,111 Customer Way,75039,Irving
Dallas,PowerHouse Irving - Building C,PowerHouse Data Centers,111 Customer Way,75039,Irving
Dallas,PowerHouse Irving - Building B,PowerHouse Data Centers,111 Customer Way,75039,Irving
Dallas,ACS Fort Worth Campus,Grupo ACS,10059-10197 Hicks Field Rd,76179,Fort Worth
Dallas,Lumen Dallas,Lumen,1150 Regal Row,75247,Dallas
Dallas,STACK Infrastructure,STACK INFRASTRUCTURE,1950 N Stemmons Freeway,75207,Dallas
Dallas,IBM DAL04,IBM,400 Akard St,75202,Dallas
Dallas,QTS Irving DC5,QTS Data Centers,6300 Longhorn Drive,75063,Irving
Dallas,QTS Irving DC6,QTS Data Centers,6300 Longhorn Drive,75063,Irving
Dallas,Lumen Fort Worth 1,Lumen,1601 Jones Street,76102,Fort Worth
Dallas,ACS Fort Worth - Building D,Grupo ACS,1645 Hicks Field Rd E,76179,Fort Worth
Dallas,CyrusOne DFW4 - Allen,CyrusOne Data Centers,2300 Chelsea Boulevard,75013,Allen
Dallas,ACS Fort Worth - Building B,Grupo ACS,10100 Hicks Field Rd,76179,Fort Worth
Dallas,CyrusOne DFW5 - Allen,CyrusOne Data Centers,2300 Chelsea Boulevard,75013,Allen
Dallas,Lumen Dallas 3,Lumen,1201 Main Street,75202,Dallas
Dallas,IBM DAL05,IBM,4849 Alpha Rd,75244,Dallas
Dallas,ACS Fort Worth - Building E,Grupo ACS,Hillwood Blvd,76179,Fort Worth
Dallas,ACS Fort Worth - Building C,Grupo ACS,Hillwood Blvd,76179,Fort Worth
Dallas,ACS Fort Worth - Building A,Grupo ACS,10121 Hicks Field Rd,76179,Fort Worth
Dallas,Lumen Dallas 4,Lumen,400 S Akrad,75202,Dallas
Dallas,Data Canopy - Dallas,Data Canopy,1807 Ross Avenue,75201,Dallas
Dallas,Lumen Dallas 2,Lumen,1950 Stemmons Freeway,75207,Dallas
Jacksonville,Cologix JAX1,Cologix,421 West Church Street,32202,Jacksonville
Jacksonville,Cologix JAX2,Cologix,4800 Spring Park Road,32207,Jacksonville
Jacksonville,Flexential Jacksonville Data Center,Flexential,4905 Belfort Road,32256,Jacksonville
Jacksonville,TierPoint Jacksonville,TierPoint,8324 Baymeadows Way,32256,Jacksonville
Jacksonville,EdgeConneX Jacksonville - EDCJAX01,EdgeConneX,"6602 Executive Park Ct N, Unit #105.",32216,Jacksonville
Jacksonville,CSX Data Center,ColoCSX,6425 Southpoint Pkwy,32216,Jacksonville
Jacksonville,ScaleMatrix Jacksonville,ScaleMatrix,8324 Baymeadows Way,32256,Jacksonville
Jacksonville,SBA Edge Jacksonville,SBA Edge,800 Water Street,32204,Jacksonville
Jacksonville,American Tower EDC Jacksonville,American Tower Corporation,325 17th Ave N,32250,Jacksonville Beach
Jacksonville,Windstream Jacksonville,Windstream,421 W. Church St.,32202,Jacksonville
Jacksonville,DC BLOX Palm Coast,DC BLOX Inc.,1035 Town Center Blvd,32164,Palm Coast
Jacksonville,SBA Edge JaxNAP,SBA Edge,421 West Church Street,32202,Jacksonville
Jacksonville,Lumen Jacksonville,Lumen,608 W. Adams Street,32204,Jacksonville
Jacksonville,Lumen Jacksonville 1,Lumen,4814 Phillips Highway,32207,Jacksonville
Jacksonville,Lumen Jacksonville 2,Lumen,608 W. Adams Street,32204,Jacksonville
