scraped_city,state,facility,operator,street,zip_code,city_in_desc
Aurora,IL,US Signal Aurora IL02,"US Signal Company, LLC",4267 Meridian Parkway,60504,Aurora
Aurora,IL,Project Cardinal - Building 1,Pioneer Development,Route 47 & Galena Rd,60554,Yorkville
Aurora,IL,Project Cardinal,Pioneer Development,Route 47 & Galena Rd,60554,Yorkville
Aurora,IL,Prologis Project Steel - Building 11,Prologis,W Beecher Rd,60554,Yorkville
Aurora,IL,Prologis Project Steel - Building 6,Prologis,Beecher Rd,60554,Yorkville
Aurora,IL,Prologis Project Steel - Building 9,Prologis,Galena Rd & W Beecher Rd,60554,Yorkville
Aurora,IL,Prologis Project Steel - Building 8,Prologis,Galena Rd & Eldamain Rd,60554,Yorkville
Aurora,IL,Prologis Project Steel - Building 21,Prologis,W Beecher Rd,60554,Yorkville
Aurora,IL,Prologis Project Steel - Building 1,Prologis,E Beecher Rd,60554,Yorkville
Aurora,IL,Prologis Project Steel - Building 18,Prologis,W Beecher Rd,60554,Yorkville
Aurora,IL,Prologis Project Steel - Building 15,Prologis,W Beecher Rd,60554,Yorkville
Aurora,IL,Prologis Project Steel - Building 17,Prologis,W Beecher Rd,60554,Yorkville
Aurora,IL,Prologis Project Steel - Building 12,Prologis,Eldamain Rd,60554,Yorkville
Aurora,IL,Prologis Project Steel - Building 3,Prologis,E Beecher Rd,60554,Yorkville
Aurora,IL,Prologis Project Steel - Building 16,Prologis,Eldamain Rd,60554,Yorkville
Aurora,IL,Prologis Project Steel - Building 19,Prologis,W Beecher Rd,60554,Yorkville
Aurora,IL,Prologis Project Steel - Building 22,Prologis,W Beecher Rd,60554,Yorkville
Aurora,IL,Prologis Project Steel - Building 2,Prologis,E Beecher Rd,60554,Yorkville
Aurora,IL,Prologis Project Steel - Building 7,Prologis,Beecher Rd,60554,Yorkville
Aurora,IL,Prologis Project Steel - Building 10,Prologis,Eldamain Rd,60554,Yorkville
Aurora,IL,Prologis Project Steel - Building 14,Prologis,Eldamain Rd,60554,Yorkville
Aurora,IL,Prologis Project Steel,Prologis,Galena Rd & Eldamain Rd,60554,Yorkville
Aurora,IL,Prologis Project Steel - Building 23,Prologis,W Beecher Rd,60554,Yorkville
Aurora,IL,Prologis Project Steel - Building 5,Prologis,Beecher Rd,60554,Yorkville
Aurora,IL,Plano Skies Campus,Savion Renewable Energy,Rock Creek Rd,60545,Plano
Aurora,IL,Prologis Project Steel - Building 20,Prologis,W Beecher Rd,60554,Yorkville
Aurora,IL,Prologis Project Steel - Building 13,Prologis,W Beecher Rd,60554,Yorkville
Aurora,IL,Prologis Project Steel - Building 4,Prologis,Beecher Rd,60554,Yorkville
Aurora,IL,Prologis Project Steel - Building 24,Prologis,W Beecher Rd,60554,Yorkville
Aurora,IL,Project Cardinal - Building 9,Pioneer Development,Route 47 & Galena Rd,60554,Yorkville
Aurora,IL,Project Cardinal - Building 3,Pioneer Development,Route 47 & Galena Rd,60554,Yorkville
Aurora,IL,Project Cardinal - Building 13,Pioneer Development,Route 47 & Galena Rd,60554,Yorkville
Aurora,IL,Project Cardinal - Building 7,Pioneer Development,Route 47 & Galena Rd,60554,Yorkville
Aurora,IL,Project Cardinal - Building 5,Pioneer Development,Route 47 & Galena Rd,60554,Yorkville
Aurora,IL,Project Cardinal - Building 11,Pioneer Development,Route 47 & Galena Rd,60554,Yorkville
Aurora,IL,Project Cardinal - Building 4,Pioneer Development,Route 47 & Galena Rd,60554,Yorkville
Aurora,IL,Project Cardinal - Building 8,Pioneer Development,Route 47 & Galena Rd,60554,Yorkville
Aurora,IL,Project Cardinal - Building 10,Pioneer Development,Route 47 & Galena Rd,60554,Yorkville
Aurora,IL,Project Cardinal - Building 14,Pioneer Development,Route 47 & Galena Rd,60554,Yorkville
Aurora,IL,Project Cardinal - Building 2,Pioneer Development,Route 47 & Galena Rd,60554,Yorkville
Aurora,IL,Project Cardinal - Building 12,Pioneer Development,Route 47 & Galena Rd,60554,Yorkville
Aurora,IL,Project Cardinal - Building 6,Pioneer Development,Route 47 & Galena Rd,60554,Yorkville
Aurora,IL,CyrusOne Yorkville Campus,CyrusOne Data Centers,within,"east of Eldamain Road, north of the Burlington Northern Santa Fe railroad and Faxon Road, and west of Beecher Road.",60545
Aurora,IL,Plano Skies DC7,Savion Renewable Energy,Rock Creek Rd,60545,Plano
Aurora,IL,Plano Skies DC2,Savion Renewable Energy,Rock Creek Rd,60545,Plano
Aurora,IL,Plano Skies DC4,Savion Renewable Energy,Rock Creek Rd,60545,Plano
Aurora,IL,Plano Skies DC6,Savion Renewable Energy,Rock Creek Rd,60545,Plano
Aurora,IL,Plano Skies DC5,Savion Renewable Energy,Rock Creek Rd,60545,Plano
Aurora,IL,Plano Skies DC3,Savion Renewable Energy,Rock Creek Rd,60545,Plano
Aurora,IL,Plano Skies DC1,Savion Renewable Energy,Rock Creek Rd,60545,Plano
Aurora,IL,CyrusOne Yorkville - Building 7,CyrusOne Data Centers,within,"east of Eldamain Road, north of the Burlington Northern Santa Fe railroad and Faxon Road, and west of Beecher Road.",60545
Aurora,IL,CyrusOne Yorkville - Building 6,CyrusOne Data Centers,within,"east of Eldamain Road, north of the Burlington Northern Santa Fe railroad and Faxon Road, and west of Beecher Road.",60545
Aurora,IL,CyrusOne Yorkville - Building 5,CyrusOne Data Centers,within,"east of Eldamain Road, north of the Burlington Northern Santa Fe railroad and Faxon Road, and west of Beecher Road.",60545
Aurora,IL,CyrusOne Yorkville - Building 3,CyrusOne Data Centers,within,"east of Eldamain Road, north of the Burlington Northern Santa Fe railroad and Faxon Road, and west of Beecher Road.",60545
Aurora,IL,CyrusOne Yorkville - Building 2,CyrusOne Data Centers,within,"east of Eldamain Road, north of the Burlington Northern Santa Fe railroad and Faxon Road, and west of Beecher Road.",60545
Aurora,IL,CyrusOne Yorkville - Building 1,CyrusOne Data Centers,within,"east of Eldamain Road, north of the Burlington Northern Santa Fe railroad and Faxon Road, and west of Beecher Road.",60545
Aurora,IL,CyrusOne Yorkville - Building 9,CyrusOne Data Centers,within,"east of Eldamain Road, north of the Burlington Northern Santa Fe railroad and Faxon Road, and west of Beecher Road.",60545
Aurora,IL,CyrusOne Yorkville - Building 8,CyrusOne Data Centers,within,"east of Eldamain Road, north of the Burlington Northern Santa Fe railroad and Faxon Road, and west of Beecher Road.",60545
Aurora,IL,CyrusOne Yorkville - Building 4,CyrusOne Data Centers,within,"east of Eldamain Road, north of the Burlington Northern Santa Fe railroad and Faxon Road, and west of Beecher Road.",60545
Aurora,IL,US Signal Aurora IL02,"US Signal Company, LLC",4267 Meridian Parkway,60504,Aurora
Aurora,IL,Project Cardinal - Building 1,Pioneer Development,Route 47 & Galena Rd,60554,Yorkville
Aurora,IL,Project Cardinal,Pioneer Development,Route 47 & Galena Rd,60554,Yorkville
Aurora,IL,Prologis Project Steel - Building 11,Prologis,W Beecher Rd,60554,Yorkville
Aurora,IL,N/A,N/A,N/A,N/A,N/A
Aurora,IL,Prologis Project Steel - Building 6,Prologis,Beecher Rd,60554,Yorkville
Aurora,IL,Prologis Project Steel - Building 9,Prologis,Galena Rd & W Beecher Rd,60554,Yorkville
Aurora,IL,Prologis Project Steel - Building 8,Prologis,Galena Rd & Eldamain Rd,60554,Yorkville
Aurora,IL,Prologis Project Steel - Building 21,Prologis,W Beecher Rd,60554,Yorkville
Aurora,IL,Prologis Project Steel - Building 1,Prologis,E Beecher Rd,60554,Yorkville
Aurora,IL,Prologis Project Steel - Building 18,Prologis,W Beecher Rd,60554,Yorkville
Aurora,IL,Prologis Project Steel - Building 15,Prologis,W Beecher Rd,60554,Yorkville
Aurora,IL,Prologis Project Steel - Building 17,Prologis,W Beecher Rd,60554,Yorkville
Aurora,IL,Prologis Project Steel - Building 12,Prologis,Eldamain Rd,60554,Yorkville
Aurora,IL,Prologis Project Steel - Building 3,Prologis,E Beecher Rd,60554,Yorkville
Aurora,IL,Prologis Project Steel - Building 16,Prologis,Eldamain Rd,60554,Yorkville
Aurora,IL,Prologis Project Steel - Building 19,Prologis,W Beecher Rd,60554,Yorkville
Aurora,IL,Prologis Project Steel - Building 22,Prologis,W Beecher Rd,60554,Yorkville
Aurora,IL,Prologis Project Steel - Building 2,Prologis,E Beecher Rd,60554,Yorkville
Aurora,IL,Prologis Project Steel - Building 7,Prologis,Beecher Rd,60554,Yorkville
Aurora,IL,Prologis Project Steel - Building 10,Prologis,Eldamain Rd,60554,Yorkville
Aurora,IL,Prologis Project Steel - Building 14,Prologis,Eldamain Rd,60554,Yorkville
Aurora,IL,Prologis Project Steel,Prologis,Galena Rd & Eldamain Rd,60554,Yorkville
Aurora,IL,Prologis Project Steel - Building 23,Prologis,W Beecher Rd,60554,Yorkville
Aurora,IL,Prologis Project Steel - Building 5,Prologis,Beecher Rd,60554,Yorkville
Aurora,IL,Plano Skies Campus,Savion Renewable Energy,Rock Creek Rd,60545,Plano
Aurora,IL,Prologis Project Steel - Building 20,Prologis,W Beecher Rd,60554,Yorkville
Aurora,IL,Prologis Project Steel - Building 13,Prologis,W Beecher Rd,60554,Yorkville
Aurora,IL,Prologis Project Steel - Building 4,Prologis,Beecher Rd,60554,Yorkville
Aurora,IL,Prologis Project Steel - Building 24,Prologis,W Beecher Rd,60554,Yorkville
Aurora,IL,Project Cardinal - Building 9,Pioneer Development,Route 47 & Galena Rd,60554,Yorkville
Aurora,IL,Project Cardinal - Building 3,Pioneer Development,Route 47 & Galena Rd,60554,Yorkville
Aurora,IL,Project Cardinal - Building 13,Pioneer Development,Route 47 & Galena Rd,60554,Yorkville
Aurora,IL,Project Cardinal - Building 7,Pioneer Development,Route 47 & Galena Rd,60554,Yorkville
Aurora,IL,Project Cardinal - Building 5,Pioneer Development,Route 47 & Galena Rd,60554,Yorkville
Aurora,IL,Project Cardinal - Building 11,Pioneer Development,Route 47 & Galena Rd,60554,Yorkville
Aurora,IL,Project Cardinal - Building 4,Pioneer Development,Route 47 & Galena Rd,60554,Yorkville
Aurora,IL,Project Cardinal - Building 8,Pioneer Development,Route 47 & Galena Rd,60554,Yorkville
Aurora,IL,Project Cardinal - Building 10,Pioneer Development,Route 47 & Galena Rd,60554,Yorkville
Aurora,IL,Project Cardinal - Building 14,Pioneer Development,Route 47 & Galena Rd,60554,Yorkville
Aurora,IL,Project Cardinal - Building 2,Pioneer Development,Route 47 & Galena Rd,60554,Yorkville
Aurora,IL,Project Cardinal - Building 12,Pioneer Development,Route 47 & Galena Rd,60554,Yorkville
Aurora,IL,Project Cardinal - Building 6,Pioneer Development,Route 47 & Galena Rd,60554,Yorkville
Aurora,IL,CyrusOne Yorkville Campus,CyrusOne Data Centers,"within east of Eldamain Road, north of the Burlington Northern Santa Fe railroad and Faxon Road, and west of Beecher Road.",60545,Yorkville
Aurora,IL,Plano Skies DC7,Savion Renewable Energy,Rock Creek Rd,60545,Plano
Aurora,IL,Plano Skies DC2,Savion Renewable Energy,Rock Creek Rd,60545,Plano
Aurora,IL,Plano Skies DC4,Savion Renewable Energy,Rock Creek Rd,60545,Plano
Aurora,IL,Plano Skies DC6,Savion Renewable Energy,Rock Creek Rd,60545,Plano
Aurora,IL,Plano Skies DC5,Savion Renewable Energy,Rock Creek Rd,60545,Plano
Aurora,IL,Plano Skies DC3,Savion Renewable Energy,Rock Creek Rd,60545,Plano
Aurora,IL,Plano Skies DC1,Savion Renewable Energy,Rock Creek Rd,60545,Plano
Aurora,IL,CyrusOne Yorkville - Building 7,CyrusOne Data Centers,"within east of Eldamain Road, north of the Burlington Northern Santa Fe railroad and Faxon Road, and west of Beecher Road.",60545,Yorkville
Aurora,IL,CyrusOne Yorkville - Building 6,CyrusOne Data Centers,"within east of Eldamain Road, north of the Burlington Northern Santa Fe railroad and Faxon Road, and west of Beecher Road.",60545,Yorkville
Aurora,IL,CyrusOne Yorkville - Building 5,CyrusOne Data Centers,"within east of Eldamain Road, north of the Burlington Northern Santa Fe railroad and Faxon Road, and west of Beecher Road.",60545,Yorkville
Aurora,IL,CyrusOne Yorkville - Building 3,CyrusOne Data Centers,"within east of Eldamain Road, north of the Burlington Northern Santa Fe railroad and Faxon Road, and west of Beecher Road.",60545,Yorkville
Aurora,IL,CyrusOne Yorkville - Building 2,CyrusOne Data Centers,"within east of Eldamain Road, north of the Burlington Northern Santa Fe railroad and Faxon Road, and west of Beecher Road.",60545,Yorkville
Aurora,IL,CyrusOne Yorkville - Building 1,CyrusOne Data Centers,"within east of Eldamain Road, north of the Burlington Northern Santa Fe railroad and Faxon Road, and west of Beecher Road.",60545,Yorkville
Aurora,IL,CyrusOne Yorkville - Building 9,CyrusOne Data Centers,"within east of Eldamain Road, north of the Burlington Northern Santa Fe railroad and Faxon Road, and west of Beecher Road.",60545,Yorkville
Aurora,IL,CyrusOne Yorkville - Building 8,CyrusOne Data Centers,"within east of Eldamain Road, north of the Burlington Northern Santa Fe railroad and Faxon Road, and west of Beecher Road.",60545,Yorkville
Aurora,IL,CyrusOne Yorkville - Building 4,CyrusOne Data Centers,"within east of Eldamain Road, north of the Burlington Northern Santa Fe railroad and Faxon Road, and west of Beecher Road.",60545,Yorkville
Bloomington,IL,STL Data Center,STL,501 S. Towanda Barnes Rd.,61705,Bloomington
Bloomington,IL,Pearl Technology Bloomington Data Center,Pearl Technology,303 E Washington Street,61571,Bloomington
Bloomington,IL,STL Data Center,STL,501 S. Towanda Barnes Rd.,61705,Bloomington
Bloomington,IL,Pearl Technology Bloomington Data Center,Pearl Technology,303 E Washington Street,61571,Bloomington
Champaign,IL,Consolidated Mattoon,Consolidated Communications,1501 Charleston Ave,61938,Mattoon
Champaign,IL,ColocationPLUS Champaign,ColocationPLUS,401 S Chestnut,61820,Champaign
Champaign,IL,Consolidated Mattoon,Consolidated Communications,1501 Charleston Ave,61938,Mattoon
Champaign,IL,ColocationPLUS Champaign,ColocationPLUS,401 S Chestnut,61820,Champaign
Chicago,IL,N/A,N/A,N/A,N/A,N/A
Chicago,IL,350 East Cermak Road (ORD10),Digital Realty,350 East Cermak Road,60616,Chicago
Chicago,IL,600 S. Federal St. (ORD11),Digital Realty,600 South Federal Street,60605,Chicago
Chicago,IL,2200 Busse Road (CH1),Digital Realty,2200 Busse Road,60007,Elk Grove Village
Chicago,IL,505 N. Railroad Avenue (ORD23),Digital Realty,505 North Railroad Avenue,60164,Northlake
Chicago,IL,9333 Grand Avenue (ORD12),Digital Realty,9333 Grand Avenue,60131,Franklin Park
Chicago,IL,9355 Grand Ave (ORD13),Digital Realty,9355 Grand Ave,60131,Franklin Park
Chicago,IL,9377 Grand Ave (ORD14),Digital Realty,9377 Grand Ave,60131,Franklin Park
Chicago,IL,1400 East Devon Avenue (CH3),Digital Realty,1400 East Devon Avenue,60007,Elk Grove Village
Chicago,IL,2425-2553 Edgington Street (ORD22),Digital Realty,2425-2553 Edgington St,60131,Franklin Park
Chicago,IL,2299 Busse Road (CH2),Digital Realty,2299 Busse Road,60007,Elk Grove Village
Chicago,IL,9401 West Grand Avenue (ORD15),Digital Realty,9401 W Grand Ave,60131,Franklin Park
Chicago,IL,Hivelocity - Chicago 1,Hivelocity,350 East Cermak Road,60616,Chicago
Chicago,IL,CyrusOne CHI5 - Lombard,CyrusOne Data Centers,1850 Springers Drive,60148,Lombard
Chicago,IL,GDC - Chicago CH1 Data Center,"NTT DATA, Inc.",255 Pierce Road,60143,Itasca
Chicago,IL,CyrusOne CHI2 - Aurora,CyrusOne Data Centers,2805 Diehl Rd,60502,Aurora
Chicago,IL,Summit Elk Grove Village,Summit (formerly Deft),2200 Busse Rd,60007,Elk Grove Village
Chicago,IL,Netrality - 717 South Wells Chicago Data Center,Netrality,"717 South Wells Street, Chicago, IL, USA",60607,Chicago
Chicago,IL,Centersquare - Chicago ORD4-A,Csquare,4513 Western Ave,60532,Lisle
Chicago,IL,T5 Data Centers - T5@Chicago,T5 Data Centers,200 Innovation Dr,60007,Elk Grove Village
Chicago,IL,Serverfarm Chicago Data Center CH1,Serverfarm,840 S. Canal Street,60607,Chicago
Chicago,IL,Prime Chicago - Building 1,Prime Data Centers,"1500 E Higgins Rd, Elk Grove Village, IL 60007, USA",60007,Elk Grove Village
Chicago,IL,Prime Chicago - Building 3,Prime Data Centers,1701 Midway Court,60007,Elk Grove Village
Chicago,IL,Prime Chicago Data Center Campus,Prime Data Centers,1701 Midway Ct,60007,Elk Grove Village
Chicago,IL,Summit Chicago,Summit (formerly Deft),350 East Cermak Road,60616,Chicago
Chicago,IL,Colocation America CHIDC1,Colocation America,350 E. Cermak Rd,60616,Chicago
Chicago,IL,Iron Mountain Data Centers CHI-1,Iron Mountain Data Centers,1680 Touhy Avenue,60018,Des Plaines
Chicago,IL,CyrusOne CHI1 - Aurora,CyrusOne Data Centers,2905 Diehl Rd.,60148,Lombard
Chicago,IL,Prime Chicago - Building 2,Prime Data Centers,1600 Oakton St,60007,Elk Grove Village
Chicago,IL,Legacy - Chicago Byte Exchange,Legacy Investing,400 S LaSalle St,60605,Chicago
Chicago,IL,Apotech Data Center,Apotech,1331 E Business Center Dr,60056,Mt Prospect
Chicago,IL,Element Critical Chicago One,Element Critical,711 N. Edgewood Ave.,60191,Wood Dale
Chicago,IL,Skybox Chicago I,Skybox Datacenters,800 E Devon Ave,60007,Elk Grove Village
Chicago,IL,DataBank ORD4 - Chicago Tri-State,DataBank,1808 Swift Dr,60523,Oak Brook
Chicago,IL,DataBank ORD3 - Mount Prospect,DataBank,800 E Business Center Dr,60056,Mt. Prospect
Chicago,IL,Cogent Data Center - Chicago 1,"Cogent Communications, Inc.",427 LaSalle St,60606,Chicago
Chicago,IL,Element Critical Chicago Two,Element Critical,341 Haynes Dr,60191,Wood Dale
Chicago,IL,Cogent Data Center - Chicago 2,"Cogent Communications, Inc.",216 W. Jackson Blvd,60606,Chicago
Chicago,IL,GigeNET Chicago,GigeNET,545 E Algonquin Rd,60005,Arlington Heights
Chicago,IL,Colocation America CHIDC4,Colocation America,1808 Swift Dr.,60523,Oak Brook
Chicago,IL,Equinix CH4,Equinix,350 E Cermak Rd,60616,Chicago
Chicago,IL,Equinix CH7,Equinix,111 Plaza Drive,60559,Westmont
Chicago,IL,US Signal Chicago IL01,"US Signal Company, LLC",810 Jorie Blvd,60523,Oak Brook
Chicago,IL,STACK Infrastructure CHI01B,STACK INFRASTRUCTURE,1301 Touhy Ave,60007,Elk Grove Village
Chicago,IL,DataBank ORD1 - Downtown Chicago,DataBank,600 S Federal St,60605,Chicago
Chicago,IL,TierPoint Chicago - Polk,TierPoint,601 W. Polk St.,60607,Chicago
Chicago,IL,DataBank ORD2 - Chicago,DataBank,840 S Canal St,60607,Chicago
Chicago,IL,EdgeConneX Chicago - EDCCHI02,EdgeConneX,2021 Lunt Ave,60007,Elk Grove Village
Chicago,IL,Stream DC Chicago I,Stream Data Centers,2080 Lunt Avenue,60007,Elk Grove Village
Chicago,IL,Centersquare - Chicago ORD1-A,Csquare,350 East Cermak,60616,Chicago
Chicago,IL,HydraVault Data Center,HydraVault,2538 S Wabash Ave,60616,Chicago
Chicago,IL,SBA Edge Chicago,SBA Edge,603 Discovery Drive,60185,West Chicago
Chicago,IL,Centersquare - Chicago ORD1-C,Csquare,350 E Cermak Rd,60616,Chicago
Chicago,IL,Centersquare - Chicago ORD1-D,Csquare,350 E Cermak Rd,60616,Chicago
Chicago,IL,CoreSite Chicago (CH1),CoreSite,427 South LaSalle,60605,Chicago
Chicago,IL,QTS Chicago 1 DC1,QTS Data Centers,2800 S. Ashland Ave,60608,Chicago
Chicago,IL,FirstComm Data Center,First Communications,601 W Polk St,60607,Chicago
Chicago,IL,TierPoint Chicago - West,TierPoint,9333 West Grand Ave.,60131,Franklin Park
Chicago,IL,ColoCrossing CH1,ColoCrossing,2200 Busse Road,60007,Elk Grove Village
Chicago,IL,Metro Edge IMD1,Metro Edge,1951 W Hastings St,60608,Chicago
Chicago,IL,Stream DC Chicago II,Stream Data Centers,1925 Busse Road,60007,Elk Grove Village
Chicago,IL,H5 Data Centers Chicago,H5 Data Centers,1951 W. Hastings St.,60608,Chicago
Chicago,IL,725 S. Wells,1547 Critical Systems Realty,725 S Wells,60607,Chicago
Chicago,IL,CDW Elk Grove Data Center,CDW Corporation,1441 Touhy Ave,60007,Elk Grove Village
Chicago,IL,STACK Infrastructure CHI01A,STACK INFRASTRUCTURE,1441 Touhy Ave,60007,Elk Grove Village
Chicago,IL,Digital Fortress Chicago,Digital Fortress,360 E 22nd St.,60148,Lombard
Chicago,IL,GDC - Chicago CH2 Data Center,"NTT DATA, Inc.",275 Pierce Rd,60143,Itasca
Chicago,IL,Equinix CH2,Equinix,350 E Cermak Rd,60616,Chicago
Chicago,IL,GDC - Chicago CH3 Data 'Center,"NTT DATA, Inc.",255 Pierce Rd,60143,Itasca
Chicago,IL,Equinix CH1,Equinix,350 E Cermak Rd,60616,Chicago
Chicago,IL,Cogent Data Center - Chicago 3,"Cogent Communications, Inc.",4200 W 40th St,60632,Chicago
Chicago,IL,365 Data Centers - Chicago 1,365 Data Centers,427 S La Salle St,60605,Chicago
Chicago,IL,Aligned ORD-01,Aligned Data Centers,505 Northwest Avenue,60164,Northlake
Chicago,IL,XNet Critical Computing Facility,"XNet Information Systems, Inc.",3080 Ogden Ave,60532,Lisle
Chicago,IL,Microsoft Northlake,Microsoft,601-605 Northwest Ave,60164,Northlake
Chicago,IL,711 Ogden Avenue,CloudCenters,711 Ogden Ave,60532,Lisle
Chicago,IL,Centersquare - Chicago ORD2-A,Csquare,2425 Busse Road,60007,Elk Grove Village
Chicago,IL,CloudHQ ORD Campus,CloudHQ,1200 E Algonquin Rd,60016,Des Plaines
Chicago,IL,CyrusOne CHI6 - Wood Dale,CyrusOne Data Centers,Bryn Mawr Ave & Pine Ave,60106,Wood Dale
Chicago,IL,STACK Infrastructure CHI02,STACK INFRASTRUCTURE,1830 Jarvis Ave,60007,Elk Grove Village
Chicago,IL,CoreSite Chicago (CH2),CoreSite,1432 S Clinton St.,60607,Chicago
Chicago,IL,Equinix CH3,Equinix,1905 Lunt Avenue,60007,Elk Grove Village
Chicago,IL,Ascent CH2,Ascent,505 N Railroad Ave,60164,Northlake
Chicago,IL,CoreWeave Hammond,CoreWeave,301 Digital Xrds Dr,46320,Hammond
Chicago,IL,Rackspace Chicago,Rackspace Hosting,2200 Busse Road,60007,Elk Grove Village
Chicago,IL,Chirisa Chirisa Volo Technology Park YLO-02,Chirisa,300 South Fish Lake Rd,60073,Volo
Chicago,IL,Chirisa Chirisa Volo Technology Park YLO-01,Chirisa,300 South Fish Lake Rd,60073,Volo
Chicago,IL,Chicago Board of Trade Building,"Apollo Global Management, Inc.",141 West Jackson,60604,Chicago
Chicago,IL,1808 Swift Drive,CenterPoint Properties,1808 Swift Drive,60523,Oak Brook
Chicago,IL,360TCS Data Center,360 Technology Center Solutions,360 E. 22nd St.,60148,Lombard
Chicago,IL,Centersquare - Chicago ORD1-B,Csquare,350 East Cermak,60609,Chicago
Chicago,IL,Midway Technology Center,1547 Critical Systems Realty,40 E Garfield Blvd,60615,Chicago
Chicago,IL,NetSource Naperville 1,"NetSource Communications, Inc.",2368 Corporate Lane,60563,Naperville
Chicago,IL,Microsoft Hoffman Estates - Building 2,Microsoft,Lakewood Blvd,60192,Hoffman Estates
Chicago,IL,T5 Data Centers - T5@Chicago V,T5 Data Centers,within,Elk Grove Village,TBA
Chicago,IL,CloudHQ ORD3,CloudHQ,1200 E Algonquin Rd,60016,Des Plaines
Chicago,IL,Microsoft Hoffman Estates - Building 1,Microsoft,Lakewood Blvd,60192,Hoffman Estates
Chicago,IL,Aligned Chicago Campus,Aligned Data Centers,505 Northwest Avenue,60164,Northlake
Chicago,IL,T5 Data Centers - T5@Chicago lll,T5 Data Centers,11650 W Grand Ave,60164,Northlake
Chicago,IL,ColoHouse Chicago Cermak,ColoHouse,350 E Cermak,60616,Chicago
Chicago,IL,Microsoft Hoffman Estates Campus,Microsoft,Lakewood Blvd,60192,Hoffman Estates
Chicago,IL,Aligned ORD-03,Aligned Data Centers,50 NW Point Blvd,60007,Elk Grove Village
Chicago,IL,T5 Data Centers - T5@Grayslake Campus,T5 Data Centers,30907 N Alleghany Rd,60030,Grayslake
Chicago,IL,CloudHQ ORD2,CloudHQ,1200 E Algonquin Rd,60016,Des Plaines
Chicago,IL,Microsoft Elk Grove Campus,Microsoft,"Elk Grove Technology Park, Innovation Dr & Oakton St",60007,Elk Grove Village
Chicago,IL,Chirisa Volo Technology Park,Chirisa,300 South Fish Lake Rd,60073,Volo
Chicago,IL,CloudHQ ORD1,CloudHQ,1200 E Algonquin Rd,60016,Des Plaines
Chicago,IL,Aligned ORD-04,Aligned Data Centers,150 NW Point Blvd,60007,Elk Grove Village
Chicago,IL,Stream DC Chicago III,Stream Data Centers,2000 Landmeier Rd,60007,Elk Grove Village
Chicago,IL,Naperville Data Center,KARIS Critical,1940 Lucent Ln,60563,Naperville
Chicago,IL,Aligned ORD-02,Aligned Data Centers,505 Northwest Avenue,60164,Northlake
Chicago,IL,Colovore ORD01,Colovore,within,"Aurora, 41 miles from Chicago",TBA
Chicago,IL,EdgeConneX Chicago - EDCCHI01,EdgeConneX,1800 Nicholas Blvd,60007,Elk Grove Village
Chicago,IL,ColoHouse Chicago Wells,ColoHouse,725 S Wells Street,60607,Chicago
Chicago,IL,HW Technology Park,Hillwood Development Company,Millsdale Rd / Schweitzer Rd,60421,Joliet
Chicago,IL,Equinix CH5,Equinix,2001 Lunt Ave,60007,Elk Grove Village
Chicago,IL,FDCservers.net,FDCservers.net LLC,141 West Jackson Blvd.,60604,Chicago
Chicago,IL,CDC - Chicago CH5 Data Center,"NTT DATA, Inc.",1250 N Arlington Heights Rd,60143,Itasca
Chicago,IL,Chicago Exchange,Menlo Digital,601 W. Polk St,60605,Chicago
Chicago,IL,LexisNexis Oak Brook,LexisNexis,1808 Swift Dr,60523,Oak Brook
Chicago,IL,8080 S DuSable Lake Shore Drive,Related Digital,8080 S DuSable Lake Shore Dr,60617,Chicago
Chicago,IL,216 West Jackson Boulevard,"Baum Realty Group, LLC",216 W Jackson Blvd,60606,Chicago
Chicago,IL,Edged Chicago ORD1,Edged Energy,2815 Bilter Rd,60502,Aurora
Chicago,IL,365 Data Centers - Chicago 2,365 Data Centers,350 East Cermak Road,60623,Chicago
Chicago,IL,Connect Chicago,Connect Data Centers by Oppidan,245 Kehoe Blvd,60188,Carol Stream
Chicago,IL,Edged Chicago ORD2,Edged Energy,2835 Bilter Rd,60502,Aurora
Chicago,IL,Edged Chicago ORD3,Edged Energy,2725 Bilter Rd,60502,Aurora
Chicago,IL,GDC - Chicago CH4 Data Center,"NTT DATA, Inc.",1200 N Arlington Heights Rd,60143,Itasca
Chicago,IL,Edged Chicago Campus,Edged Energy,2725-2815 Bilter Rd,60502,Aurora
Chicago,IL,NTT Chicago Campus,"NTT DATA, Inc.",255-275 Pierce Rd,60143,Itasca
Chicago,IL,Lumen Chicago 3,Lumen,200 N LaSalle St,60601,Chicago
Chicago,IL,Microsoft Hoffman Estates - Building 3,Microsoft,Lakewood Blvd,60192,Hoffman Estates
Chicago,IL,Morris Technology Park,Tract,US-6 & County Rd 2000 E,60450,Morris
Chicago,IL,Meta DeKalb Campus,Meta,1550-2050 Metaverse Wy,60115,DeKalb
Chicago,IL,Microsoft Elk Grove - Building 3,Microsoft,"Elk Grove Technology Park, Innovation Dr & Oakton St",60007,Elk Grove Village
Chicago,IL,KARIS Hoffman Estates,KARIS Critical,Higgins Rd & Illinois Rte 59,60010,Hoffman Estates
Chicago,IL,KARIS DeKalb Campus,KARIS Critical,Gurler Rd & Peace Rd,60115,DeKalb
Chicago,IL,WOWaccess Data Center,WOWaccess,184 Shuman Blvd,60563,Naperville
Chicago,IL,Microsoft Elk Grove - Building 1,Microsoft,"Elk Grove Technology Park, Innovation Dr & Oakton St",60007,Elk Grove Village
Chicago,IL,Compass Hoffman Estates,Compass Datacenters,3333 Beverly Rd,60179,Hoffman Estates
Chicago,IL,Microsoft Plano (IL),Microsoft,Eldamain Rd & Corneils Rd,60545,Plano
Chicago,IL,Microsoft Hoffman Estates - Building 4,Microsoft,Lakewood Blvd,60192,Hoffman Estates
Chicago,IL,Microsoft Elk Grove - Building 2,Microsoft,"Elk Grove Technology Park, Innovation Dr & Oakton St",60007,Elk Grove Village
Chicago,IL,Axon Datacenter,Axon Datacenters,7093 Barry St,60018,Rosemont
Chicago,IL,DLS Internet LITH,DLS Internet Services,950 E. Oak Street,60156,Lake in the Hills
Chicago,IL,Lumen South Holland 1,Lumen,200 E 166th St,60473,South Holland
Chicago,IL,CyrusOne CHI3 - Aurora Campus,CyrusOne Data Centers,2725 Bilter Rd,60502,Aurora
Chicago,IL,Volico Chicago,Volico Data Center,350 E Cermak Rd,60616,Chicago
Chicago,IL,Hostrunway Lombard,Hostrunway,1850 Springer Dr,60148,Lombard
Chicago,IL,CBTS Lombard Data Center I,CBTS,1850 W Springer,60148,Lombard
Chicago,IL,NetSource Naperville 2,"NetSource Communications, Inc.",1717 Park St.,60563,Naperville
Chicago,IL,WHP Braidwood Campus,Western Hospitality Partners,W Kennedy Rd,60408,Braidwood
Chicago,IL,NaviSite Oak Brook,"NaviSite, Inc.",800 Jorie Blvd,60523,Oak Brook
Chicago,IL,427 LaSalle,CoreSite,427 South LaSalle Street,60605,Chicago
Chicago,IL,CyrusOne CHI3 - Building 2,CyrusOne Data Centers,2725 Bilter Rd,60502,Aurora
Chicago,IL,CyrusOne CHI3 - Building 1,CyrusOne Data Centers,2725 Bilter Rd,60502,Aurora
Chicago,IL,Sinch Data Center,Sinch,717 S Wells St,60607,Chicago
Chicago,IL,Lumen Chicago,Lumen,111 N Canal St,60606,Chicago
Chicago,IL,Lumen 350 E Cermak,Lumen,350 E Cermark Road,60616,Chicago
Chicago,IL,Synoptek - Chicago Data Center,Synoptek,350 East Cermak Road,60616,Chicago
Chicago,IL,NaviSite Chicago,"NaviSite, Inc.",725 S Wells,60610,Chicago
Chicago,IL,360 East 22nd Street,360E 22nd LLC,360 East 22nd Street,60148,Lombard
Chicago,IL,Meta DeKalb - Building 6,Meta,1550 Metaverse Wy,60115,DeKalb
Chicago,IL,Lumen Broadview 1,Lumen,2101 Roberts Drive,60155,Broadview
Chicago,IL,Meta DeKalb - Building 4,Meta,1750 Metaverse Wy,60115,DeKalb
Chicago,IL,Meta DeKalb - Building 1,Meta,2050 Metaverse Wy,60115,DeKalb
Chicago,IL,Meta DeKalb - Building 5,Meta,1550 Metaverse Wy,60115,DeKalb
Chicago,IL,Lumen Chicago 4,Lumen,600 West Chicago Ave.,60610,Chicago
Chicago,IL,Meta DeKalb - Building 3,Meta,1750 Metaverse Wy,60115,DeKalb
Chicago,IL,Lumen Chicago 5,Lumen,600 S. Federal,60605,Chicago
Chicago,IL,Lumen Arlington Heights 1,Lumen,"1305 E. Algonquin Avenue,",60005,Arlington Heights
Chicago,IL,Meta DeKalb - Building 2,Meta,2050 Metaverse Wy,60115,DeKalb
Chicago,IL,DLS Internet 216 Jackson,DLS Internet Services,216 West Jackson Blvd,60606,Chicago
Chicago,IL,WHP Braidwood - Building 1,Western Hospitality Partners,W Kennedy Rd,60408,Braidwood
Chicago,IL,WHP Braidwood - Building 6,Western Hospitality Partners,W Kennedy Rd,60408,Braidwood
Chicago,IL,WHP Braidwood - Building 8,Western Hospitality Partners,W Kennedy Rd,60408,Braidwood
Chicago,IL,WHP Braidwood - Building 3,Western Hospitality Partners,W Kennedy Rd,60408,Braidwood
Chicago,IL,WHP Braidwood - Building 4,Western Hospitality Partners,W Kennedy Rd,60408,Braidwood
Chicago,IL,Hostway Boeing Data Center,"Hostway Services, Inc",100 North Riverside Plaza,60606,Chicago
Chicago,IL,WHP Braidwood - Building 7,Western Hospitality Partners,W Kennedy Rd,60408,Braidwood
Chicago,IL,CBTS Lombard Data Center II,CBTS,564 Winter Lane,60148,Lombard
Chicago,IL,WHP Braidwood - Building 2,Western Hospitality Partners,W Kennedy Rd,60408,Braidwood
Chicago,IL,WHP Braidwood - Building 5,Western Hospitality Partners,W Kennedy Rd,60408,Braidwood
Chicago,IL,Lumen Chicago 2,Lumen,900 N. Kingsbury Street,60610,Chicago
Chicago,IL,350 East Cermak Road (ORD10),Digital Realty,350 East Cermak Road,60616,Chicago
Chicago,IL,600 S. Federal St. (ORD11),Digital Realty,600 South Federal Street,60605,Chicago
Chicago,IL,2200 Busse Road (CH1),Digital Realty,2200 Busse Road,60007,Elk Grove Village
Chicago,IL,505 N. Railroad Avenue (ORD23),Digital Realty,505 North Railroad Avenue,60164,Northlake
Chicago,IL,N/A,N/A,N/A,N/A,N/A
Chicago,IL,9333 Grand Avenue (ORD12),Digital Realty,9333 Grand Avenue,60131,Franklin Park
Chicago,IL,9355 Grand Ave (ORD13),Digital Realty,9355 Grand Ave,60131,Franklin Park
Chicago,IL,9377 Grand Ave (ORD14),Digital Realty,9377 Grand Ave,60131,Franklin Park
Chicago,IL,1400 East Devon Avenue (CH3),Digital Realty,1400 East Devon Avenue,60007,Elk Grove Village
Chicago,IL,2425-2553 Edgington Street (ORD22),Digital Realty,2425-2553 Edgington St,60131,Franklin Park
Chicago,IL,2299 Busse Road (CH2),Digital Realty,2299 Busse Road,60007,Elk Grove Village
Chicago,IL,9401 West Grand Avenue (ORD15),Digital Realty,9401 W Grand Ave,60131,Franklin Park
Chicago,IL,Hivelocity - Chicago 1,Hivelocity,350 East Cermak Road,60616,Chicago
Chicago,IL,CyrusOne CHI5 - Lombard,CyrusOne Data Centers,1850 Springers Drive,60148,Lombard
Chicago,IL,GDC - Chicago CH1 Data Center,"NTT DATA, Inc.",255 Pierce Road,60143,Itasca
Chicago,IL,CyrusOne CHI2 - Aurora,CyrusOne Data Centers,2805 Diehl Rd,60502,Aurora
Chicago,IL,Summit Elk Grove Village,Summit (formerly Deft),2200 Busse Rd,60007,Elk Grove Village
Chicago,IL,Netrality - 717 South Wells Chicago Data Center,Netrality,"717 South Wells Street, Chicago, IL, USA",60607,Chicago
Chicago,IL,Centersquare - Chicago ORD4-A,Csquare,4513 Western Ave,60532,Lisle
Chicago,IL,T5 Data Centers - T5@Chicago,T5 Data Centers,200 Innovation Dr,60007,Elk Grove Village
Chicago,IL,Serverfarm Chicago Data Center CH1,Serverfarm,840 S. Canal Street,60607,Chicago
Chicago,IL,Prime Chicago - Building 1,Prime Data Centers,"1500 E Higgins Rd, Elk Grove Village, IL 60007, USA",60007,Elk Grove Village
Chicago,IL,Prime Chicago - Building 3,Prime Data Centers,1701 Midway Court,60007,Elk Grove Village
Chicago,IL,Prime Chicago Data Center Campus,Prime Data Centers,1701 Midway Ct,60007,Elk Grove Village
Chicago,IL,Summit Chicago,Summit (formerly Deft),350 East Cermak Road,60616,Chicago
Chicago,IL,Colocation America CHIDC1,Colocation America,350 E. Cermak Rd,60616,Chicago
Chicago,IL,Iron Mountain Data Centers CHI-1,Iron Mountain Data Centers,1680 Touhy Avenue,60018,Des Plaines
Chicago,IL,CyrusOne CHI1 - Aurora,CyrusOne Data Centers,2905 Diehl Rd.,60148,Lombard
Chicago,IL,Prime Chicago - Building 2,Prime Data Centers,1600 Oakton St,60007,Elk Grove Village
Chicago,IL,Legacy - Chicago Byte Exchange,Legacy Investing,400 S LaSalle St,60605,Chicago
Chicago,IL,Apotech Data Center,Apotech,1331 E Business Center Dr,60056,Mt Prospect
Chicago,IL,Element Critical Chicago One,Element Critical,711 N. Edgewood Ave.,60191,Wood Dale
Chicago,IL,Skybox Chicago I,Skybox Datacenters,800 E Devon Ave,60007,Elk Grove Village
Chicago,IL,DataBank ORD4 - Chicago Tri-State,DataBank,1808 Swift Dr,60523,Oak Brook
Chicago,IL,DataBank ORD3 - Mount Prospect,DataBank,800 E Business Center Dr,60056,Mt. Prospect
Chicago,IL,Cogent Data Center - Chicago 1,"Cogent Communications, Inc.",427 LaSalle St,60606,Chicago
Chicago,IL,Element Critical Chicago Two,Element Critical,341 Haynes Dr,60191,Wood Dale
Chicago,IL,Cogent Data Center - Chicago 2,"Cogent Communications, Inc.",216 W. Jackson Blvd,60606,Chicago
Chicago,IL,GigeNET Chicago,GigeNET,545 E Algonquin Rd,60005,Arlington Heights
Chicago,IL,Colocation America CHIDC4,Colocation America,1808 Swift Dr.,60523,Oak Brook
Chicago,IL,Equinix CH4,Equinix,350 E Cermak Rd,60616,Chicago
Chicago,IL,Equinix CH7,Equinix,111 Plaza Drive,60559,Westmont
Chicago,IL,US Signal Chicago IL01,"US Signal Company, LLC",810 Jorie Blvd,60523,Oak Brook
Chicago,IL,STACK Infrastructure CHI01B,STACK INFRASTRUCTURE,1301 Touhy Ave,60007,Elk Grove Village
Chicago,IL,DataBank ORD1 - Downtown Chicago,DataBank,600 S Federal St,60605,Chicago
Chicago,IL,TierPoint Chicago - Polk,TierPoint,601 W. Polk St.,60607,Chicago
Chicago,IL,DataBank ORD2 - Chicago,DataBank,840 S Canal St,60607,Chicago
Chicago,IL,EdgeConneX Chicago - EDCCHI02,EdgeConneX,2021 Lunt Ave,60007,Elk Grove Village
Chicago,IL,Stream DC Chicago I,Stream Data Centers,2080 Lunt Avenue,60007,Elk Grove Village
Chicago,IL,Centersquare - Chicago ORD1-A,Csquare,350 East Cermak,60616,Chicago
Chicago,IL,HydraVault Data Center,HydraVault,2538 S Wabash Ave,60616,Chicago
Chicago,IL,SBA Edge Chicago,SBA Edge,603 Discovery Drive,60185,West Chicago
Chicago,IL,Centersquare - Chicago ORD1-C,Csquare,350 E Cermak Rd,60616,Chicago
Chicago,IL,Centersquare - Chicago ORD1-D,Csquare,350 E Cermak Rd,60616,Chicago
Chicago,IL,CoreSite Chicago (CH1),CoreSite,427 South LaSalle,60605,Chicago
Chicago,IL,QTS Chicago 1 DC1,QTS Data Centers,2800 S. Ashland Ave,60608,Chicago
Chicago,IL,FirstComm Data Center,First Communications,601 W Polk St,60607,Chicago
Chicago,IL,TierPoint Chicago - West,TierPoint,9333 West Grand Ave.,60131,Franklin Park
Chicago,IL,ColoCrossing CH1,ColoCrossing,2200 Busse Road,60007,Elk Grove Village
Chicago,IL,Metro Edge IMD1,Metro Edge,1951 W Hastings St,60608,Chicago
Chicago,IL,Stream DC Chicago II,Stream Data Centers,1925 Busse Road,60007,Elk Grove Village
Chicago,IL,H5 Data Centers Chicago,H5 Data Centers,1951 W. Hastings St.,60608,Chicago
Chicago,IL,725 S. Wells,1547 Critical Systems Realty,725 S Wells,60607,Chicago
Chicago,IL,CDW Elk Grove Data Center,CDW Corporation,1441 Touhy Ave,60007,Elk Grove Village
Chicago,IL,STACK Infrastructure CHI01A,STACK INFRASTRUCTURE,1441 Touhy Ave,60007,Elk Grove Village
Chicago,IL,Digital Fortress Chicago,Digital Fortress,360 E 22nd St.,60148,Lombard
Chicago,IL,GDC - Chicago CH2 Data Center,"NTT DATA, Inc.",275 Pierce Rd,60143,Itasca
Chicago,IL,Equinix CH2,Equinix,350 E Cermak Rd,60616,Chicago
Chicago,IL,GDC - Chicago CH3 Data 'Center,"NTT DATA, Inc.",255 Pierce Rd,60143,Itasca
Chicago,IL,Equinix CH1,Equinix,350 E Cermak Rd,60616,Chicago
Chicago,IL,Cogent Data Center - Chicago 3,"Cogent Communications, Inc.",4200 W 40th St,60632,Chicago
Chicago,IL,365 Data Centers - Chicago 1,365 Data Centers,427 S La Salle St,60605,Chicago
Chicago,IL,Aligned ORD-01,Aligned Data Centers,505 Northwest Avenue,60164,Northlake
Chicago,IL,XNet Critical Computing Facility,"XNet Information Systems, Inc.",3080 Ogden Ave,60532,Lisle
Chicago,IL,Microsoft Northlake,Microsoft,601-605 Northwest Ave,60164,Northlake
Chicago,IL,711 Ogden Avenue,CloudCenters,711 Ogden Ave,60532,Lisle
Chicago,IL,Centersquare - Chicago ORD2-A,Csquare,2425 Busse Road,60007,Elk Grove Village
Chicago,IL,CloudHQ ORD Campus,CloudHQ,1200 E Algonquin Rd,60016,Des Plaines
Chicago,IL,CyrusOne CHI6 - Wood Dale,CyrusOne Data Centers,Bryn Mawr Ave & Pine Ave,60106,Wood Dale
Chicago,IL,STACK Infrastructure CHI02,STACK INFRASTRUCTURE,1830 Jarvis Ave,60007,Elk Grove Village
Chicago,IL,CoreSite Chicago (CH2),CoreSite,1432 S Clinton St.,60607,Chicago
Chicago,IL,Equinix CH3,Equinix,1905 Lunt Avenue,60007,Elk Grove Village
Chicago,IL,Ascent CH2,Ascent,505 N Railroad Ave,60164,Northlake
Chicago,IL,CoreWeave Hammond,CoreWeave,301 Digital Xrds Dr,46320,Hammond
Chicago,IL,Rackspace Chicago,Rackspace Hosting,2200 Busse Road,60007,Elk Grove Village
Chicago,IL,Chirisa Chirisa Volo Technology Park YLO-02,Chirisa,300 South Fish Lake Rd,60073,Volo
Chicago,IL,Chirisa Chirisa Volo Technology Park YLO-01,Chirisa,300 South Fish Lake Rd,60073,Volo
Chicago,IL,Chicago Board of Trade Building,"Apollo Global Management, Inc.",141 West Jackson,60604,Chicago
Chicago,IL,1808 Swift Drive,CenterPoint Properties,1808 Swift Drive,60523,Oak Brook
Chicago,IL,360TCS Data Center,360 Technology Center Solutions,360 E. 22nd St.,60148,Lombard
Chicago,IL,Centersquare - Chicago ORD1-B,Csquare,350 East Cermak,60609,Chicago
Chicago,IL,Midway Technology Center,1547 Critical Systems Realty,40 E Garfield Blvd,60615,Chicago
Chicago,IL,NetSource Naperville 1,"NetSource Communications, Inc.",2368 Corporate Lane,60563,Naperville
Chicago,IL,Microsoft Hoffman Estates - Building 2,Microsoft,Lakewood Blvd,60192,Hoffman Estates
Chicago,IL,T5 Data Centers - T5@Chicago V,T5 Data Centers,within Elk Grove Village,TBA,Elk Grove Village
Chicago,IL,CloudHQ ORD3,CloudHQ,1200 E Algonquin Rd,60016,Des Plaines
Chicago,IL,Microsoft Hoffman Estates - Building 1,Microsoft,Lakewood Blvd,60192,Hoffman Estates
Chicago,IL,Aligned Chicago Campus,Aligned Data Centers,505 Northwest Avenue,60164,Northlake
Chicago,IL,T5 Data Centers - T5@Chicago lll,T5 Data Centers,11650 W Grand Ave,60164,Northlake
Chicago,IL,ColoHouse Chicago Cermak,ColoHouse,350 E Cermak,60616,Chicago
Chicago,IL,Microsoft Hoffman Estates Campus,Microsoft,Lakewood Blvd,60192,Hoffman Estates
Chicago,IL,Aligned ORD-03,Aligned Data Centers,50 NW Point Blvd,60007,Elk Grove Village
Chicago,IL,T5 Data Centers - T5@Grayslake Campus,T5 Data Centers,30907 N Alleghany Rd,60030,Grayslake
Chicago,IL,CloudHQ ORD2,CloudHQ,1200 E Algonquin Rd,60016,Des Plaines
Chicago,IL,Microsoft Elk Grove Campus,Microsoft,"Elk Grove Technology Park, Innovation Dr & Oakton St",60007,Elk Grove Village
Chicago,IL,Chirisa Volo Technology Park,Chirisa,300 South Fish Lake Rd,60073,Volo
Chicago,IL,CloudHQ ORD1,CloudHQ,1200 E Algonquin Rd,60016,Des Plaines
Chicago,IL,Aligned ORD-04,Aligned Data Centers,150 NW Point Blvd,60007,Elk Grove Village
Chicago,IL,Stream DC Chicago III,Stream Data Centers,2000 Landmeier Rd,60007,Elk Grove Village
Chicago,IL,Naperville Data Center,KARIS Critical,1940 Lucent Ln,60563,Naperville
Chicago,IL,Aligned ORD-02,Aligned Data Centers,505 Northwest Avenue,60164,Northlake
Chicago,IL,Colovore ORD01,Colovore,"within Aurora, 41 miles from Chicago",TBA,Aurora
Chicago,IL,EdgeConneX Chicago - EDCCHI01,EdgeConneX,1800 Nicholas Blvd,60007,Elk Grove Village
Chicago,IL,ColoHouse Chicago Wells,ColoHouse,725 S Wells Street,60607,Chicago
Chicago,IL,HW Technology Park,Hillwood Development Company,Millsdale Rd / Schweitzer Rd,60421,Joliet
Chicago,IL,Equinix CH5,Equinix,2001 Lunt Ave,60007,Elk Grove Village
Chicago,IL,FDCservers.net,FDCservers.net LLC,141 West Jackson Blvd.,60604,Chicago
Chicago,IL,CDC - Chicago CH5 Data Center,"NTT DATA, Inc.",1250 N Arlington Heights Rd,60143,Itasca
Chicago,IL,Chicago Exchange,Menlo Digital,601 W. Polk St,60605,Chicago
Chicago,IL,LexisNexis Oak Brook,LexisNexis,1808 Swift Dr,60523,Oak Brook
Chicago,IL,8080 S DuSable Lake Shore Drive,Related Digital,8080 S DuSable Lake Shore Dr,60617,Chicago
Chicago,IL,216 West Jackson Boulevard,"Baum Realty Group, LLC",216 W Jackson Blvd,60606,Chicago
Chicago,IL,Edged Chicago ORD1,Edged Energy,2815 Bilter Rd,60502,Aurora
Chicago,IL,365 Data Centers - Chicago 2,365 Data Centers,350 East Cermak Road,60623,Chicago
Chicago,IL,Connect Chicago,Connect Data Centers by Oppidan,245 Kehoe Blvd,60188,Carol Stream
Chicago,IL,Edged Chicago ORD2,Edged Energy,2835 Bilter Rd,60502,Aurora
Chicago,IL,Edged Chicago ORD3,Edged Energy,2725 Bilter Rd,60502,Aurora
Chicago,IL,GDC - Chicago CH4 Data Center,"NTT DATA, Inc.",1200 N Arlington Heights Rd,60143,Itasca
Chicago,IL,Edged Chicago Campus,Edged Energy,2725-2815 Bilter Rd,60502,Aurora
Chicago,IL,NTT Chicago Campus,"NTT DATA, Inc.",255-275 Pierce Rd,60143,Itasca
Chicago,IL,Lumen Chicago 3,Lumen,200 N LaSalle St,60601,Chicago
Chicago,IL,Microsoft Hoffman Estates - Building 3,Microsoft,Lakewood Blvd,60192,Hoffman Estates
Chicago,IL,Morris Technology Park,Tract,US-6 & County Rd 2000 E,60450,Morris
Chicago,IL,Meta DeKalb Campus,Meta,1550-2050 Metaverse Wy,60115,DeKalb
Chicago,IL,Microsoft Elk Grove - Building 3,Microsoft,"Elk Grove Technology Park, Innovation Dr & Oakton St",60007,Elk Grove Village
Chicago,IL,KARIS Hoffman Estates,KARIS Critical,Higgins Rd & Illinois Rte 59,60010,Hoffman Estates
Chicago,IL,KARIS DeKalb Campus,KARIS Critical,Gurler Rd & Peace Rd,60115,DeKalb
Chicago,IL,WOWaccess Data Center,WOWaccess,184 Shuman Blvd,60563,Naperville
Chicago,IL,Microsoft Elk Grove - Building 1,Microsoft,"Elk Grove Technology Park, Innovation Dr & Oakton St",60007,Elk Grove Village
Chicago,IL,Compass Hoffman Estates,Compass Datacenters,3333 Beverly Rd,60179,Hoffman Estates
Chicago,IL,Microsoft Plano (IL),Microsoft,Eldamain Rd & Corneils Rd,60545,Plano
Chicago,IL,Microsoft Hoffman Estates - Building 4,Microsoft,Lakewood Blvd,60192,Hoffman Estates
Chicago,IL,Microsoft Elk Grove - Building 2,Microsoft,"Elk Grove Technology Park, Innovation Dr & Oakton St",60007,Elk Grove Village
Chicago,IL,Axon Datacenter,Axon Datacenters,7093 Barry St,60018,Rosemont
Chicago,IL,DLS Internet LITH,DLS Internet Services,950 E. Oak Street,60156,Lake in the Hills
Chicago,IL,Lumen South Holland 1,Lumen,200 E 166th St,60473,South Holland
Chicago,IL,CyrusOne CHI3 - Aurora Campus,CyrusOne Data Centers,2725 Bilter Rd,60502,Aurora
Chicago,IL,Volico Chicago,Volico Data Center,350 E Cermak Rd,60616,Chicago
Chicago,IL,Hostrunway Lombard,Hostrunway,1850 Springer Dr,60148,Lombard
Chicago,IL,CBTS Lombard Data Center I,CBTS,1850 W Springer,60148,Lombard
Chicago,IL,NetSource Naperville 2,"NetSource Communications, Inc.",1717 Park St.,60563,Naperville
Chicago,IL,WHP Braidwood Campus,Western Hospitality Partners,W Kennedy Rd,60408,Braidwood
Chicago,IL,NaviSite Oak Brook,"NaviSite, Inc.",800 Jorie Blvd,60523,Oak Brook
Chicago,IL,427 LaSalle,CoreSite,427 South LaSalle Street,60605,Chicago
Chicago,IL,CyrusOne CHI3 - Building 2,CyrusOne Data Centers,2725 Bilter Rd,60502,Aurora
Chicago,IL,CyrusOne CHI3 - Building 1,CyrusOne Data Centers,2725 Bilter Rd,60502,Aurora
Chicago,IL,Sinch Data Center,Sinch,717 S Wells St,60607,Chicago
Chicago,IL,Lumen Chicago,Lumen,111 N Canal St,60606,Chicago
Chicago,IL,Lumen 350 E Cermak,Lumen,350 E Cermark Road,60616,Chicago
Chicago,IL,Synoptek - Chicago Data Center,Synoptek,350 East Cermak Road,60616,Chicago
Chicago,IL,NaviSite Chicago,"NaviSite, Inc.",725 S Wells,60610,Chicago
Chicago,IL,360 East 22nd Street,360E 22nd LLC,360 East 22nd Street,60148,Lombard
Chicago,IL,Meta DeKalb - Building 6,Meta,1550 Metaverse Wy,60115,DeKalb
Chicago,IL,Lumen Broadview 1,Lumen,2101 Roberts Drive,60155,Broadview
Chicago,IL,Meta DeKalb - Building 4,Meta,1750 Metaverse Wy,60115,DeKalb
Chicago,IL,Meta DeKalb - Building 1,Meta,2050 Metaverse Wy,60115,DeKalb
Chicago,IL,Meta DeKalb - Building 5,Meta,1550 Metaverse Wy,60115,DeKalb
Chicago,IL,Lumen Chicago 4,Lumen,600 West Chicago Ave.,60610,Chicago
Chicago,IL,Meta DeKalb - Building 3,Meta,1750 Metaverse Wy,60115,DeKalb
Chicago,IL,Lumen Chicago 5,Lumen,600 S. Federal,60605,Chicago
Chicago,IL,Lumen Arlington Heights 1,Lumen,"1305 E. Algonquin Avenue,",60005,Arlington Heights
Chicago,IL,Meta DeKalb - Building 2,Meta,2050 Metaverse Wy,60115,DeKalb
Chicago,IL,DLS Internet 216 Jackson,DLS Internet Services,216 West Jackson Blvd,60606,Chicago
Chicago,IL,WHP Braidwood - Building 1,Western Hospitality Partners,W Kennedy Rd,60408,Braidwood
Chicago,IL,WHP Braidwood - Building 6,Western Hospitality Partners,W Kennedy Rd,60408,Braidwood
Chicago,IL,WHP Braidwood - Building 8,Western Hospitality Partners,W Kennedy Rd,60408,Braidwood
Chicago,IL,WHP Braidwood - Building 3,Western Hospitality Partners,W Kennedy Rd,60408,Braidwood
Chicago,IL,WHP Braidwood - Building 4,Western Hospitality Partners,W Kennedy Rd,60408,Braidwood
Chicago,IL,Hostway Boeing Data Center,"Hostway Services, Inc",100 North Riverside Plaza,60606,Chicago
Chicago,IL,WHP Braidwood - Building 7,Western Hospitality Partners,W Kennedy Rd,60408,Braidwood
Chicago,IL,CBTS Lombard Data Center II,CBTS,564 Winter Lane,60148,Lombard
Chicago,IL,WHP Braidwood - Building 2,Western Hospitality Partners,W Kennedy Rd,60408,Braidwood
Chicago,IL,WHP Braidwood - Building 5,Western Hospitality Partners,W Kennedy Rd,60408,Braidwood
Chicago,IL,Lumen Chicago 2,Lumen,900 N. Kingsbury Street,60610,Chicago
Chicago,IL,N/A,N/A,N/A,N/A,N/A
Peoria,IL,WHP Pekin Campus,Western Hospitality Partners,Sheridan Dr,61554,Pekin
Peoria,IL,Pearl Technology Peoria Data Center,Pearl Technology,606 NE Jefferson Street,61603,Peoria
Peoria,IL,WHP Pekin Campus,Western Hospitality Partners,Sheridan Dr,61554,Pekin
Peoria,IL,Pearl Technology Peoria Data Center,Pearl Technology,606 NE Jefferson Street,61603,Peoria
Rockford,IL,DataPoint Data Center,"DataPoint, Inc.",4901 Colt Road,61109,Rockford
Rockford,IL,DataPoint Data Center,"DataPoint, Inc.",4901 Colt Road,61109,Rockford
Evansville,IN,Watch Communications Data Center,Watch Communications,4631 Ohara Dr,47711,Evansville
Evansville,IN,Windstream Evansville,Windstream,3701 Communications Way,47715,Evansville
Evansville,IN,Watch Communications Data Center,Watch Communications,4631 Ohara Dr,47711,Evansville
Evansville,IN,Windstream Evansville,Windstream,3701 Communications Way,47715,Evansville
Fort Wayne,IN,Lifeline Data Centers Fort Wayne,"Lifeline Data Centers, LLC",7601 S Anthony Blvd,46816,Fort Wayne
Fort Wayne,IN,Google Fort Wayne Campus,Google,6015 Adams Center Road,46816,Fort Wayne
Fort Wayne,IN,Indiana Data center,"Indiana Data Center, LLC.",620 Coliseum Blvd W #1298,46808,Fort Wayne
Fort Wayne,IN,SafeHouse Datacenter,safehosue datacenter,9813 Dawson Creek Blvd,46825,Fort Wayne
Fort Wayne,IN,Google Fort Wayne - Building 12,Google,6015 Adams Center Road,46816,Fort Wayne
Fort Wayne,IN,Google Fort Wayne - Building 5,Google,6015 Adams Center Road,46816,Fort Wayne
Fort Wayne,IN,Google Fort Wayne - Building 1,Google,6015 Adams Center Road,46816,Fort Wayne
Fort Wayne,IN,Google Fort Wayne - Building 6,Google,6015 Adams Center Road,46816,Fort Wayne
Fort Wayne,IN,Google Fort Wayne - Building 2,Google,6015 Adams Center Road,46816,Fort Wayne
Fort Wayne,IN,Google Fort Wayne - Building 4,Google,6015 Adams Center Road,46816,Fort Wayne
Fort Wayne,IN,Google Fort Wayne - Building 10,Google,6015 Adams Center Road,46816,Fort Wayne
Fort Wayne,IN,Google Fort Wayne - Building 3,Google,6015 Adams Center Road,46816,Fort Wayne
Fort Wayne,IN,Google Fort Wayne - Building 9,Google,6015 Adams Center Road,46816,Fort Wayne
Fort Wayne,IN,Google Fort Wayne - Building 7,Google,6015 Adams Center Road,46816,Fort Wayne
Fort Wayne,IN,Google Fort Wayne - Building 11,Google,6015 Adams Center Road,46816,Fort Wayne
Fort Wayne,IN,Google Fort Wayne - Building 8,Google,6015 Adams Center Road,46816,Fort Wayne
Fort Wayne,IN,Lifeline Data Centers Fort Wayne,"Lifeline Data Centers, LLC",7601 S Anthony Blvd,46816,Fort Wayne
Fort Wayne,IN,Google Fort Wayne Campus,Google,6015 Adams Center Road,46816,Fort Wayne
Fort Wayne,IN,Indiana Data center,"Indiana Data Center, LLC.",620 Coliseum Blvd W #1298,46808,Fort Wayne
Fort Wayne,IN,SafeHouse Datacenter,safehosue datacenter,9813 Dawson Creek Blvd,46825,Fort Wayne
Fort Wayne,IN,N/A,N/A,N/A,N/A,N/A
Fort Wayne,IN,Google Fort Wayne - Building 12,Google,6015 Adams Center Road,46816,Fort Wayne
Fort Wayne,IN,Google Fort Wayne - Building 5,Google,6015 Adams Center Road,46816,Fort Wayne
Fort Wayne,IN,Google Fort Wayne - Building 1,Google,6015 Adams Center Road,46816,Fort Wayne
Fort Wayne,IN,Google Fort Wayne - Building 6,Google,6015 Adams Center Road,46816,Fort Wayne
Fort Wayne,IN,Google Fort Wayne - Building 2,Google,6015 Adams Center Road,46816,Fort Wayne
Fort Wayne,IN,Google Fort Wayne - Building 4,Google,6015 Adams Center Road,46816,Fort Wayne
Fort Wayne,IN,Google Fort Wayne - Building 10,Google,6015 Adams Center Road,46816,Fort Wayne
Fort Wayne,IN,Google Fort Wayne - Building 3,Google,6015 Adams Center Road,46816,Fort Wayne
Fort Wayne,IN,Google Fort Wayne - Building 9,Google,6015 Adams Center Road,46816,Fort Wayne
Fort Wayne,IN,Google Fort Wayne - Building 7,Google,6015 Adams Center Road,46816,Fort Wayne
Fort Wayne,IN,Google Fort Wayne - Building 11,Google,6015 Adams Center Road,46816,Fort Wayne
Fort Wayne,IN,Google Fort Wayne - Building 8,Google,6015 Adams Center Road,46816,Fort Wayne
Gary,IN,Amazon AWS ORD - Hobart,Amazon AWS,Colorado St & W 61st Ave,46342,Hobart
Gary,IN,Hobart Devco LLC - Building 6,Unknown Company,E 61st Ave & Arizona St,46342,Hobart
Gary,IN,Hobart Devco LLC - Building 4,Unknown Company,E 61st Ave & Arizona St,46342,Hobart
Gary,IN,Hobart Devco LLC - Building 2,Unknown Company,E 61st Ave & Arizona St,46342,Hobart
Gary,IN,Hobart Devco LLC - Building 5,Unknown Company,E 61st Ave & Arizona St,46342,Hobart
Gary,IN,Hobart Devco LLC - Building 1,Unknown Company,E 61st Ave & Arizona St,46342,Hobart
Gary,IN,Hobart Devco LLC - Building 3,Unknown Company,E 61st Ave & Arizona St,46342,Hobart
Gary,IN,Hobart Devco LLC Campus,Unknown Company,E 61st Ave & Arizona St,46342,Hobart
Gary,IN,Amazon AWS ORD - Hobart,Amazon AWS,Colorado St & W 61st Ave,46342,Hobart
Gary,IN,Hobart Devco LLC - Building 6,Unknown Company,E 61st Ave & Arizona St,46342,Hobart
Gary,IN,Hobart Devco LLC - Building 4,Unknown Company,E 61st Ave & Arizona St,46342,Hobart
Gary,IN,Hobart Devco LLC - Building 2,Unknown Company,E 61st Ave & Arizona St,46342,Hobart
Gary,IN,N/A,N/A,N/A,N/A,N/A
Gary,IN,Hobart Devco LLC - Building 5,Unknown Company,E 61st Ave & Arizona St,46342,Hobart
Gary,IN,Hobart Devco LLC - Building 1,Unknown Company,E 61st Ave & Arizona St,46342,Hobart
Gary,IN,Hobart Devco LLC - Building 3,Unknown Company,E 61st Ave & Arizona St,46342,Hobart
Gary,IN,Hobart Devco LLC Campus,Unknown Company,E 61st Ave & Arizona St,46342,Hobart
Hammond,IN,Digital Crossroad DX-1,Digital Crossroad,100 Digital Crossroads Drive,46320,Hammond
Hammond,IN,Digital Crossroad DX-1,Digital Crossroad,100 Digital Crossroads Drive,46320,Hammond
Indianapolis,IN,Metrobloks Indianapolis IND A1,Metrobloks,2505 N Sherman Dr,46218,Indianapolis
Indianapolis,IN,DataBank IND2 - Downtown Indianapolis,DataBank,650 W Henry St,46225,Indianapolis
Indianapolis,IN,Netrality - Indy Telcom Center,Netrality,733 W Henry St,46225,Indianapolis
Indianapolis,IN,DataBank IND1 - Downtown Indianapolis,DataBank,731 W Henry St,46225,Indianapolis
Indianapolis,IN,Lifeline Data Centers Eastgate,"Lifeline Data Centers, LLC",401 North Shadeland Avenue,46219,Indianapolis
Indianapolis,IN,US Signal Indianapolis IN02,"US Signal Company, LLC",6325 Morenci Trail,46268,Indianapolis
Indianapolis,IN,701 West Henry Street,Netrality,701 West Henry Street,46225,Indianapolis
Indianapolis,IN,American Tower EDC Indianapolis,American Tower Corporation,7701 Walnut Dr,46268,Indianapolis
Indianapolis,IN,Wintek Data Center,Wintek Business Solutions,3921 David Howarth Dr,47905,Lafayette
Indianapolis,IN,Expedient Indianapolis,Expedient Data Centers,701 Congressional Blvd,46032,Indianapolis
Indianapolis,IN,OTAVA Indianapolis,OTAVA,505 West Merrill Street,46225,Indianapolis
Indianapolis,IN,Cogent Data Center - Indianapolis,"Cogent Communications, Inc.",13 S Davidson St,46202,Indianapolis
Indianapolis,IN,Windstream Indianapolis,Windstream,701 W Henry Street,46225,Indianapolis
Indianapolis,IN,Netrality - Indy Telcom Suite 101,Netrality,701 West Henry Street,46225,Indianapolis
Indianapolis,IN,"Oliver Street, LLC","Oliver Street, LLC/Paragon Realty",800 Oliver Ave,46225,Indianapolis
Indianapolis,IN,Project Flo,Google,I-74 & S Post Road,46239,Indianapolis
Indianapolis,IN,Windstream Lafayette,Windstream,2304 Brothers Drive,47909,Lafayette
Indianapolis,IN,Google Monroe Township,Google,Keller Hill Rd & N Union Church Rd,46158,Monroe Township
Indianapolis,IN,Prologis Shelbyville,Prologis,East State Road 44 (IN-44) & US Hwy 421 (I-74),46176,Shelbyville
Indianapolis,IN,LGI Broad Ripple,LifeGrid Interent,1810 Broad Ripple Ave,46220,Indianapolis
Indianapolis,IN,Meta Lebanon Campus,Meta,200 N County Rd & N 400 W County Rd,46052,Lebanon
Indianapolis,IN,RadiusDC Plainfield Campus,RadiusDC,Smith Rd & AllPoints Pkwy,46123,Plainfield
Indianapolis,IN,Decatur Technology Park - Bldg B,Sabey Data Center Properties LLC,IN-67 & Camby Rd,46113,Camby
Indianapolis,IN,Decatur Technology Park - Bldg A,Sabey Data Center Properties LLC,IN-67 & Camby Rd,46113,Camby
Indianapolis,IN,RadiusDC Indy I,RadiusDC,Smith Rd & AllPoints Pkwy,46123,Plainfield
Indianapolis,IN,Decatur Technology Park,Sabey Data Center Properties LLC,IN-67 & Camby Rd,46113,Camby
Indianapolis,IN,Hancock County MegaSite,Surge Development,3400 West 500 North,46055,McCordsville
Indianapolis,IN,RadiusDC Indy II,RadiusDC,Smith Rd & AllPoints Pkwy,46123,Plainfield
Indianapolis,IN,Meta Lebanon - Building 5,Meta,200 N County Rd & N 400 W County Rd,46052,Lebanon
Indianapolis,IN,Vantage - Pittsboro DC3,Vantage Data Centers,within,"County Roads 500 E, 850 N, and 1000 N",46167
Indianapolis,IN,Meta Lebanon - Building 10,Meta,200 N County Rd & N 400 W County Rd,46052,Lebanon
Indianapolis,IN,Lumen Indianapolis 1,Lumen,1902 S. East Street,46225,Indianapolis
Indianapolis,IN,Meta Lebanon - Building 6,Meta,200 N County Rd & N 400 W County Rd,46052,Lebanon
Indianapolis,IN,Hancock County MegaSite - Building 4,Surge Development,3400 West 500 North,46055,McCordsville
Indianapolis,IN,Vantage - Pittsboro Campus,Vantage Data Centers,within,"County Roads 500 E, 850 N, and 1000 N",46167
Indianapolis,IN,Meta Lebanon - Building 1,Meta,200 N County Rd & N 400 W County Rd,46052,Lebanon
Indianapolis,IN,Meta Lebanon - Building 11,Meta,200 N County Rd & N 400 W County Rd,46052,Lebanon
Indianapolis,IN,Hancock County MegaSite - Building 5,Surge Development,3400 West 500 North,46055,McCordsville
Indianapolis,IN,Meta Lebanon - Building 8,Meta,200 N County Rd & N 400 W County Rd,46052,Lebanon
Indianapolis,IN,Hancock County MegaSite - Building 3,Surge Development,3400 West 500 North,46055,McCordsville
Indianapolis,IN,Lumen Indianapolis 2,Lumen,4625 W 86th St,46268,Indianapolis
Indianapolis,IN,Meta Lebanon - Building 2,Meta,200 N County Rd & N 400 W County Rd,46052,Lebanon
Indianapolis,IN,Meta Lebanon - Building 4,Meta,200 N County Rd & N 400 W County Rd,46052,Lebanon
Indianapolis,IN,Meta Lebanon - Building 3,Meta,200 N County Rd & N 400 W County Rd,46052,Lebanon
Indianapolis,IN,Vantage - Pittsboro DC2,Vantage Data Centers,within,"County Roads 500 E, 850 N, and 1000 N",46167
Indianapolis,IN,Hancock County MegaSite - Building 1,Surge Development,3400 West 500 North,46055,McCordsville
Indianapolis,IN,Hancock County MegaSite - Building 2,Surge Development,3400 West 500 North,46055,McCordsville
Indianapolis,IN,Meta Lebanon - Building 12,Meta,200 N County Rd & N 400 W County Rd,46052,Lebanon
Indianapolis,IN,Vantage - Pittsboro DC1,Vantage Data Centers,within,"County Roads 500 E, 850 N, and 1000 N",46167
Indianapolis,IN,Meta Lebanon - Building 9,Meta,200 N County Rd & N 400 W County Rd,46052,Lebanon
Indianapolis,IN,Meta Lebanon - Building 7,Meta,200 N County Rd & N 400 W County Rd,46052,Lebanon
Indianapolis,IN,GAP Indy Data Center,Global Access Point,800 Henry Street,46225,Indianapolis
Indianapolis,IN,Metrobloks Indianapolis IND A1,Metrobloks,2505 N Sherman Dr,46218,Indianapolis
Indianapolis,IN,DataBank IND2 - Downtown Indianapolis,DataBank,650 W Henry St,46225,Indianapolis
Indianapolis,IN,Netrality - Indy Telcom Center,Netrality,733 W Henry St,46225,Indianapolis
Indianapolis,IN,DataBank IND1 - Downtown Indianapolis,DataBank,731 W Henry St,46225,Indianapolis
Indianapolis,IN,N/A,N/A,N/A,N/A,N/A
Indianapolis,IN,Lifeline Data Centers Eastgate,"Lifeline Data Centers, LLC",401 North Shadeland Avenue,46219,Indianapolis
Indianapolis,IN,US Signal Indianapolis IN02,"US Signal Company, LLC",6325 Morenci Trail,46268,Indianapolis
Indianapolis,IN,701 West Henry Street,Netrality,701 West Henry Street,46225,Indianapolis
Indianapolis,IN,American Tower EDC Indianapolis,American Tower Corporation,7701 Walnut Dr,46268,Indianapolis
Indianapolis,IN,Wintek Data Center,Wintek Business Solutions,3921 David Howarth Dr,47905,Lafayette
Indianapolis,IN,Expedient Indianapolis,Expedient Data Centers,701 Congressional Blvd,46032,Indianapolis
Indianapolis,IN,OTAVA Indianapolis,OTAVA,505 West Merrill Street,46225,Indianapolis
Indianapolis,IN,Cogent Data Center - Indianapolis,"Cogent Communications, Inc.",13 S Davidson St,46202,Indianapolis
Indianapolis,IN,Windstream Indianapolis,Windstream,701 W Henry Street,46225,Indianapolis
Indianapolis,IN,Netrality - Indy Telcom Suite 101,Netrality,701 West Henry Street,46225,Indianapolis
Indianapolis,IN,"Oliver Street, LLC","Oliver Street, LLC/Paragon Realty",800 Oliver Ave,46225,Indianapolis
Indianapolis,IN,Project Flo,Google,I-74 & S Post Road,46239,Indianapolis
Indianapolis,IN,Windstream Lafayette,Windstream,2304 Brothers Drive,47909,Lafayette
Indianapolis,IN,Google Monroe Township,Google,Keller Hill Rd & N Union Church Rd,46158,Monroe Township
Indianapolis,IN,Prologis Shelbyville,Prologis,East State Road 44 (IN-44) & US Hwy 421 (I-74),46176,Shelbyville
Indianapolis,IN,LGI Broad Ripple,LifeGrid Interent,1810 Broad Ripple Ave,46220,Indianapolis
Indianapolis,IN,Meta Lebanon Campus,Meta,200 N County Rd & N 400 W County Rd,46052,Lebanon
Indianapolis,IN,RadiusDC Plainfield Campus,RadiusDC,Smith Rd & AllPoints Pkwy,46123,Plainfield
Indianapolis,IN,Decatur Technology Park - Bldg B,Sabey Data Center Properties LLC,IN-67 & Camby Rd,46113,Camby
Indianapolis,IN,Decatur Technology Park - Bldg A,Sabey Data Center Properties LLC,IN-67 & Camby Rd,46113,Camby
Indianapolis,IN,RadiusDC Indy I,RadiusDC,Smith Rd & AllPoints Pkwy,46123,Plainfield
Indianapolis,IN,Decatur Technology Park,Sabey Data Center Properties LLC,IN-67 & Camby Rd,46113,Camby
Indianapolis,IN,Hancock County MegaSite,Surge Development,3400 West 500 North,46055,McCordsville
Indianapolis,IN,RadiusDC Indy II,RadiusDC,Smith Rd & AllPoints Pkwy,46123,Plainfield
Indianapolis,IN,Meta Lebanon - Building 5,Meta,200 N County Rd & N 400 W County Rd,46052,Lebanon
Indianapolis,IN,Vantage - Pittsboro DC3,Vantage Data Centers,"within County Roads 500 E, 850 N, and 1000 N",46167,Pittsboro
Indianapolis,IN,Meta Lebanon - Building 10,Meta,200 N County Rd & N 400 W County Rd,46052,Lebanon
Indianapolis,IN,Lumen Indianapolis 1,Lumen,1902 S. East Street,46225,Indianapolis
Indianapolis,IN,Meta Lebanon - Building 6,Meta,200 N County Rd & N 400 W County Rd,46052,Lebanon
Indianapolis,IN,Hancock County MegaSite - Building 4,Surge Development,3400 West 500 North,46055,McCordsville
Indianapolis,IN,Vantage - Pittsboro Campus,Vantage Data Centers,"within County Roads 500 E, 850 N, and 1000 N",46167,Pittsboro
Indianapolis,IN,Meta Lebanon - Building 1,Meta,200 N County Rd & N 400 W County Rd,46052,Lebanon
Indianapolis,IN,Meta Lebanon - Building 11,Meta,200 N County Rd & N 400 W County Rd,46052,Lebanon
Indianapolis,IN,Hancock County MegaSite - Building 5,Surge Development,3400 West 500 North,46055,McCordsville
Indianapolis,IN,Meta Lebanon - Building 8,Meta,200 N County Rd & N 400 W County Rd,46052,Lebanon
Indianapolis,IN,Hancock County MegaSite - Building 3,Surge Development,3400 West 500 North,46055,McCordsville
Indianapolis,IN,Lumen Indianapolis 2,Lumen,4625 W 86th St,46268,Indianapolis
Indianapolis,IN,Meta Lebanon - Building 2,Meta,200 N County Rd & N 400 W County Rd,46052,Lebanon
Indianapolis,IN,Meta Lebanon - Building 4,Meta,200 N County Rd & N 400 W County Rd,46052,Lebanon
Indianapolis,IN,Meta Lebanon - Building 3,Meta,200 N County Rd & N 400 W County Rd,46052,Lebanon
Indianapolis,IN,Vantage - Pittsboro DC2,Vantage Data Centers,"within County Roads 500 E, 850 N, and 1000 N",46167,Pittsboro
Indianapolis,IN,Hancock County MegaSite - Building 1,Surge Development,3400 West 500 North,46055,McCordsville
Indianapolis,IN,Hancock County MegaSite - Building 2,Surge Development,3400 West 500 North,46055,McCordsville
Indianapolis,IN,Meta Lebanon - Building 12,Meta,200 N County Rd & N 400 W County Rd,46052,Lebanon
Indianapolis,IN,Vantage - Pittsboro DC1,Vantage Data Centers,"within County Roads 500 E, 850 N, and 1000 N",46167,Pittsboro
Indianapolis,IN,Meta Lebanon - Building 9,Meta,200 N County Rd & N 400 W County Rd,46052,Lebanon
Indianapolis,IN,Meta Lebanon - Building 7,Meta,200 N County Rd & N 400 W County Rd,46052,Lebanon
Indianapolis,IN,GAP Indy Data Center,Global Access Point,800 Henry Street,46225,Indianapolis
South Bend,IN,Aunalytics South Bend Data Center,Aunalytics,1440 Ignition Dr S,46601,South Bend
South Bend,IN,GAP Union Station,1547 Critical Systems Realty,506 W. South Street,46601,South Bend
South Bend,IN,Colostore Data Center,Colostore Data Center,1805 S Michigan St,46613,South Bend
South Bend,IN,GAP Studebaker 84,Global Access Point,635 S Lafayette Blvd,46601,South Bend
South Bend,IN,Microsoft Mishawaka,Microsoft,Cleveland Rd & Bittersweet Rd,46530,Granger
South Bend,IN,South Bend Data Center,"Five 9s Digital, LLC",3919 Crescent Circle,46628,South Bend
South Bend,IN,Amazon AWS - New Carlisle,Amazon AWS,Huckleberry Rd & Gordon Rd,46552,New Carlisle
South Bend,IN,WHP South Bend,Western Hospitality Partners,State Road 23 (IN-23),46614,South Bend
South Bend,IN,52505 Spruce Road,Unknown Company,52505 Spruce Rd,46552,New Carlisle
South Bend,IN,Altafiber Blactkhorn,Altafiber,3919 Crescent Circle,46628,South Bend
South Bend,IN,Lumen SouthBend 1,Lumen,1140 Franklin Street,46601,South Bend
South Bend,IN,Digital Enterprise Center,Global Access Point,4001 Technology Drive,46628,South Bend
South Bend,IN,CBTS South Bend Data Center I,CBTS,123 Sycamore St,46617,South Bend
South Bend,IN,CBTS South Bend Data Center II,CBTS,22 Maple Hill Run,46601,South Bend
South Bend,IN,Aunalytics South Bend Data Center,Aunalytics,1440 Ignition Dr S,46601,South Bend
South Bend,IN,GAP Union Station,1547 Critical Systems Realty,506 W. South Street,46601,South Bend
South Bend,IN,Colostore Data Center,Colostore Data Center,1805 S Michigan St,46613,South Bend
South Bend,IN,GAP Studebaker 84,Global Access Point,635 S Lafayette Blvd,46601,South Bend
South Bend,IN,N/A,N/A,N/A,N/A,N/A
South Bend,IN,Microsoft Mishawaka,Microsoft,Cleveland Rd & Bittersweet Rd,46530,Granger
South Bend,IN,South Bend Data Center,"Five 9s Digital, LLC",3919 Crescent Circle,46628,South Bend
South Bend,IN,Amazon AWS - New Carlisle,Amazon AWS,Huckleberry Rd & Gordon Rd,46552,New Carlisle
South Bend,IN,WHP South Bend,Western Hospitality Partners,State Road 23 (IN-23),46614,South Bend
South Bend,IN,52505 Spruce Road,Unknown Company,52505 Spruce Rd,46552,New Carlisle
South Bend,IN,Altafiber Blactkhorn,Altafiber,3919 Crescent Circle,46628,South Bend
South Bend,IN,Lumen SouthBend 1,Lumen,1140 Franklin Street,46601,South Bend
South Bend,IN,Digital Enterprise Center,Global Access Point,4001 Technology Drive,46628,South Bend
South Bend,IN,CBTS South Bend Data Center I,CBTS,123 Sycamore St,46617,South Bend
South Bend,IN,CBTS South Bend Data Center II,CBTS,22 Maple Hill Run,46601,South Bend
Appleton,WI,Ark Data Centers Green Bay,Ark Data Centers,Fire Ln 11,54952,Harrison
Appleton,WI,HBS Little Chute,Heartland Business System,1700 Stephen St,54311,Little Chute
Appleton,WI,New Era Technology - Appleton,New Era Technology,2201 E Enterprise Avenue,54913,Appleton
Appleton,WI,Ark Data Centers Green Bay,Ark Data Centers,Fire Ln 11,54952,Harrison
Appleton,WI,HBS Little Chute,Heartland Business System,1700 Stephen St,54311,Little Chute
Appleton,WI,New Era Technology - Appleton,New Era Technology,2201 E Enterprise Avenue,54913,Appleton
Eau Claire,WI,WIN - Eau Claire Data Center,WIN Technology,800 Wisconsin Street,54703,Eau Claire
Eau Claire,WI,Balloonist LLC,Unknown Company,County Rd B,54751,Menomonie
Eau Claire,WI,WIN - Eau Claire Data Center,WIN Technology,800 Wisconsin Street,54703,Eau Claire
Eau Claire,WI,Balloonist LLC,Unknown Company,County Rd B,54751,Menomonie
Green Bay,WI,WIN - Green Bay Data Center,WIN Technology,417 Pine St,54301,Green Bay
Green Bay,WI,Netsonic Wisconsin Datacenter,Netsonic,1263 Main Street,54302,Green Bay
Green Bay,WI,WIN - Green Bay Data Center,WIN Technology,417 Pine St,54301,Green Bay
Green Bay,WI,Netsonic Wisconsin Datacenter,Netsonic,1263 Main Street,54302,Green Bay
Kenosha,WI,OFFSITE,OFFSITE LLC,3618 7th Avenue,53140,Kenosha
Kenosha,WI,ExcalTech Kenosha,ExcalTech,3618 8th Ave.,53140,Kenosha
Kenosha,WI,Microsoft - 12123-12827 Louis Sorenson,Microsoft,12123/12800/12827 Louis Sorenson Rd,53177,Sturtevant
Kenosha,WI,Microsoft - 90th Street & County Road KR,Microsoft,90th Street & County Road KR,53177,Mt Pleasant
Kenosha,WI,Microsoft - 12734 Louis Sorenson Rd,Microsoft,12734 Louis Sorenson Rd,53177,Mt Pleasant
Kenosha,WI,Microsoft - Durand Avenue DC4,Microsoft,Durand Ave,53177,Mt Pleasant
Kenosha,WI,Microsoft - Durand Avenue DC3,Microsoft,Durand Ave,53177,Mt Pleasant
Kenosha,WI,Microsoft Fairwater 1 Campus,Microsoft,Durand Ave / Braun Rd,53177,Mt Pleasant
Kenosha,WI,Microsoft - Durand Avenue DC1,Microsoft,Durand Ave,53177,Mt Pleasant
Kenosha,WI,Microsoft - Durand Avenue DC5,Microsoft,Durand Ave,53177,Mt Pleasant
Kenosha,WI,Microsoft - Durand Avenue DC2,Microsoft,Durand Ave,53177,Mt Pleasant
Kenosha,WI,Microsoft - Durand Avenue DC8,Microsoft,Durand Ave,53177,Mt Pleasant
Kenosha,WI,Microsoft - Durand Avenue DC6,Microsoft,Durand Ave,53177,Mt Pleasant
Kenosha,WI,Microsoft - Durand Avenue DC7,Microsoft,Durand Ave,53177,Mt Pleasant
Kenosha,WI,Microsoft - Durand Avenue DC9,Microsoft,Durand Ave,53177,Mt Pleasant
Kenosha,WI,OFFSITE,OFFSITE LLC,3618 7th Avenue,53140,Kenosha
Kenosha,WI,ExcalTech Kenosha,ExcalTech,3618 8th Ave.,53140,Kenosha
Kenosha,WI,Microsoft - 12123-12827 Louis Sorenson,Microsoft,12123/12800/12827 Louis Sorenson Rd,53177,Sturtevant
Kenosha,WI,Microsoft - 90th Street & County Road KR,Microsoft,90th Street & County Road KR,53177,Mt Pleasant
Kenosha,WI,N/A,N/A,N/A,N/A,N/A
Kenosha,WI,Microsoft - 12734 Louis Sorenson Rd,Microsoft,12734 Louis Sorenson Rd,53177,Mt Pleasant
Kenosha,WI,Microsoft - Durand Avenue DC4,Microsoft,Durand Ave,53177,Mt Pleasant
Kenosha,WI,Microsoft - Durand Avenue DC3,Microsoft,Durand Ave,53177,Mt Pleasant
Kenosha,WI,Microsoft Fairwater 1 Campus,Microsoft,Durand Ave / Braun Rd,53177,Mt Pleasant
Kenosha,WI,Microsoft - Durand Avenue DC1,Microsoft,Durand Ave,53177,Mt Pleasant
Kenosha,WI,Microsoft - Durand Avenue DC5,Microsoft,Durand Ave,53177,Mt Pleasant
Kenosha,WI,Microsoft - Durand Avenue DC2,Microsoft,Durand Ave,53177,Mt Pleasant
Kenosha,WI,Microsoft - Durand Avenue DC8,Microsoft,Durand Ave,53177,Mt Pleasant
Kenosha,WI,Microsoft - Durand Avenue DC6,Microsoft,Durand Ave,53177,Mt Pleasant
Kenosha,WI,Microsoft - Durand Avenue DC7,Microsoft,Durand Ave,53177,Mt Pleasant
Kenosha,WI,Microsoft - Durand Avenue DC9,Microsoft,Durand Ave,53177,Mt Pleasant
Madison,WI,US Signal Madison WI02,"US Signal Company, LLC",5515 Nobel Drive,53711,Madison
Madison,WI,EdgeConneX Madison - EDCMAD01,EdgeConneX,4916 E Broadway,53716,Madison
Madison,WI,US Signal Madison WI01,"US Signal Company, LLC",222 W Washington,53703,Madison
Madison,WI,Dane County Data Exchange I,Dane County Data Exchange,4916 E Broadway,53716,Madison
Madison,WI,Dane County Data Exchange 2,Dane County Data Exchange,3351 Dairy Dr,53716,Madison
Madison,WI,SupraNet Madison,SupraNet Communications,8000 Excelsior Drive,53717,Madison
Madison,WI,5NINES Data Center,5NINES,222 W Washington Ave,53703,Madison
Madison,WI,Connect Beaver Dam,Connect Data Centers by Oppidan,Hemlock Rd & US-151,53916,Beaver Dam
Madison,WI,Meta Beaver Dam,Meta,8715-8773 Co Rd A,53916,Beaver Dam
Madison,WI,HC Colo #1,Hoyos Consulting LLC,612 W Main St,53703,Madison
Madison,WI,Lumen Madison,Lumen,612 W Main St,53703,Madison
Madison,WI,Beaver Dam Data Center Campus,Unknown Company,N8853 Co Rd A,53916,Beaver Dam
Madison,WI,QTS Wisconsin,QTS Data Centers,within,"Vienna, 15 miles north of Madison",53532
Madison,WI,US Signal Madison WI02,"US Signal Company, LLC",5515 Nobel Drive,53711,Madison
Madison,WI,EdgeConneX Madison - EDCMAD01,EdgeConneX,4916 E Broadway,53716,Madison
Madison,WI,US Signal Madison WI01,"US Signal Company, LLC",222 W Washington,53703,Madison
Madison,WI,Dane County Data Exchange I,Dane County Data Exchange,4916 E Broadway,53716,Madison
Madison,WI,N/A,N/A,N/A,N/A,N/A
Madison,WI,Dane County Data Exchange 2,Dane County Data Exchange,3351 Dairy Dr,53716,Madison
Madison,WI,SupraNet Madison,SupraNet Communications,8000 Excelsior Drive,53717,Madison
Madison,WI,5NINES Data Center,5NINES,222 W Washington Ave,53703,Madison
Madison,WI,Connect Beaver Dam,Connect Data Centers by Oppidan,Hemlock Rd & US-151,53916,Beaver Dam
Madison,WI,Meta Beaver Dam,Meta,8715-8773 Co Rd A,53916,Beaver Dam
Madison,WI,HC Colo #1,Hoyos Consulting LLC,612 W Main St,53703,Madison
Madison,WI,Lumen Madison,Lumen,612 W Main St,53703,Madison
Madison,WI,Beaver Dam Data Center Campus,Unknown Company,N8853 Co Rd A,53916,Beaver Dam
Madison,WI,QTS Wisconsin,QTS Data Centers,"within Vienna, 15 miles north of Madison",53532,Vienna
Marshfield,WI,Aventus 715,Aventus Data Centers,901 Commerce Dr,54449,Marshfield
Marshfield,WI,Aventus 715,Aventus Data Centers,901 Commerce Dr,54449,Marshfield
Milwaukee,WI,Data Holdings Milwaukee,Data Holdings Data Center,3135 W Highland Ave,53208,Milwaukee
Milwaukee,WI,TierPoint Milwaukee,TierPoint,3701 W. Burnham St.,53215,Milwaukee
Milwaukee,WI,Franklin Datacenter,CyberLynk Network Inc,10125 S. 52nd Street,53132,Franklin
Milwaukee,WI,The Wells Building,1547 Critical Systems Realty,324 E Wisconsin Ave,53202,Milwaukee
Milwaukee,WI,TSR Solutions Data Center,TSR Solutions,324 E Wisconsin Ave,53202,Milwaukee
Milwaukee,WI,Cogent Data Center - Milwaukee,"Cogent Communications, Inc.",324 East Wisconsin Avenue,53202,Milwaukee
Milwaukee,WI,ISCorp South MQN,ISCorp,10235 N Port Washington Rd,53092,Mequon
Milwaukee,WI,Aventus Lakes,Aventus Data Centers,7901 W Clinton Ave,53223,Milwaukee
Milwaukee,WI,Ethoplex Data Center,Ethoplex,N115W19150 Edison Dr,53022,Germantown
Milwaukee,WI,Cogent Data Center - Milwaukee 2,"Cogent Communications, Inc.",2915 S 5th Ct,53207,Milwaukee
Milwaukee,WI,Expedient Franklin,Expedient Data Centers,4777 Ironwood Dr,53132,Franklin
Milwaukee,WI,Netwurx Milwaukee,Netwurx,324 E Wisconsin Ave,53202,Milwaukee
Milwaukee,WI,Stargate Wisconsin,Vantage Data Centers,within,north of Port Washington,53074
Milwaukee,WI,ISCorp North MQN,ISCorp,10325 N Port Washington Rd,53092,Mequon
Milwaukee,WI,Vaultas Milwaukee,Vaultas,3135 W Highland Blvd,53208,Milwaukee
Milwaukee,WI,Airiam Hartland,Airiam,1040 Cottonwood Ave,53029,Hartland
Milwaukee,WI,Windstream Brookfield,Windstream,13935 Bishops Drive,53005,Brookfield
Milwaukee,WI,Microsoft Project Nova Campus,Microsoft,Douglas Ave & Botting Rd,53402,Caledonia
Milwaukee,WI,Veolia Data Center,Veolia North America,8450 W Forest Home Ave,53228,Greenfield
Milwaukee,WI,New Era Technology - Milwaukee,New Era Technology,10400 W Innovation Drive,53226,Milwaukee
Milwaukee,WI,Lumen Milwaukee,Lumen,3235 Intertech Dr,53045,Brookfield
Milwaukee,WI,Data Holdings Milwaukee,Data Holdings Data Center,3135 W Highland Ave,53208,Milwaukee
Milwaukee,WI,TierPoint Milwaukee,TierPoint,3701 W. Burnham St.,53215,Milwaukee
Milwaukee,WI,Franklin Datacenter,CyberLynk Network Inc,10125 S. 52nd Street,53132,Franklin
Milwaukee,WI,The Wells Building,1547 Critical Systems Realty,324 E Wisconsin Ave,53202,Milwaukee
Milwaukee,WI,N/A,N/A,N/A,N/A,N/A
Milwaukee,WI,TSR Solutions Data Center,TSR Solutions,324 E Wisconsin Ave,53202,Milwaukee
Milwaukee,WI,Cogent Data Center - Milwaukee,"Cogent Communications, Inc.",324 East Wisconsin Avenue,53202,Milwaukee
Milwaukee,WI,ISCorp South MQN,ISCorp,10235 N Port Washington Rd,53092,Mequon
Milwaukee,WI,Aventus Lakes,Aventus Data Centers,7901 W Clinton Ave,53223,Milwaukee
Milwaukee,WI,Ethoplex Data Center,Ethoplex,N115W19150 Edison Dr,53022,Germantown
Milwaukee,WI,Cogent Data Center - Milwaukee 2,"Cogent Communications, Inc.",2915 S 5th Ct,53207,Milwaukee
Milwaukee,WI,Expedient Franklin,Expedient Data Centers,4777 Ironwood Dr,53132,Franklin
Milwaukee,WI,Netwurx Milwaukee,Netwurx,324 E Wisconsin Ave,53202,Milwaukee
Milwaukee,WI,Stargate Wisconsin,Vantage Data Centers,within north of Port Washington,53074,Port Washington
Milwaukee,WI,ISCorp North MQN,ISCorp,10325 N Port Washington Rd,53092,Mequon
Milwaukee,WI,Vaultas Milwaukee,Vaultas,3135 W Highland Blvd,53208,Milwaukee
Milwaukee,WI,Airiam Hartland,Airiam,1040 Cottonwood Ave,53029,Hartland
Milwaukee,WI,Windstream Brookfield,Windstream,13935 Bishops Drive,53005,Brookfield
Milwaukee,WI,Microsoft Project Nova Campus,Microsoft,Douglas Ave & Botting Rd,53402,Caledonia
Milwaukee,WI,Veolia Data Center,Veolia North America,8450 W Forest Home Ave,53228,Greenfield
Milwaukee,WI,New Era Technology - Milwaukee,New Era Technology,10400 W Innovation Drive,53226,Milwaukee
Milwaukee,WI,Lumen Milwaukee,Lumen,3235 Intertech Dr,53045,Brookfield
Wisconsin Rapids,WI,CyberOne Data,CyberOne Data,141 Market Ave,54469,Port Edwards
Wisconsin Rapids,WI,DPO Wisconsin Rapids,Digital Power Optimization,1120 5th Ave N,54495,Wisconsin Rapids
Wisconsin Rapids,WI,CyberOne Data,CyberOne Data,141 Market Ave,54469,Port Edwards
Wisconsin Rapids,WI,DPO Wisconsin Rapids,Digital Power Optimization,1120 5th Ave N,54495,Wisconsin Rapids
