scraped_city,facility,operator,street,zip_code,city_in_desc,avg_home_price_usd,avg_electricity_cost_usd_per_kwh,avg_water_cost_usd_monthly
New York,60 Hudson Street (JFK12),Digital Realty,60 Hudson Street,10013,New York,1150000.0,0.287,105.6
New York,32 Avenue of the Americas (JFK13),Digital Realty,32 Avenue of the Americas (6th Ave),10013,New York,1150000.0,0.287,105.6
New York,111 Eight Avenue (JFK10),Digital Realty,111 8th Avenue,10011,New York,922000.0,0.27,100.4
New York,701 Union Boulevard (EWR15),Digital Realty,701 Union Blvd,07512,Totowa,1122000.0,0.263,82.6
New York,703 Union Boulevard (EWR16),Digital Realty,703 Union Blvd,07512,Totowa,1122000.0,0.263,82.6
New York,Hivelocity - New York 1,Hivelocity,7 Teleport Drive,10311,Staten Island,1051000.0,0.259,89.8
New York,NYI - QTD1,QTD Systems,60 Hudson Street,10013,New York,1150000.0,0.287,105.6
New York,SDC Manhattan,Sabey Data Center Properties LLC,375 Pearl St,10038,New York,1038000.0,0.254,96.1
New York,DataBank LGA1 - Downtown New York City,DataBank,60 Hudson St,10013,New York,1150000.0,0.287,105.6
New York,Opti9 NY1,Opti9 Technology,501 Franklin Ave,11530,Garden City,1024000.0,0.266,105.6
New York,325 Hudson,325 Hudson,325 Hudson,10013,New York,1150000.0,0.287,105.6
New York,TELEHOUSE New York Chelsea,Telehouse America,85 10th Avenue,10011,New York,922000.0,0.27,100.4
New York,1 Ramland,1547 Critical Systems Realty,1 Ramland Rd,10962,Orangeburg,1043000.0,0.254,98.3
New York,TELEHOUSE New York Teleport,Telehouse America,7 Teleport Drive,10311,New York,1051000.0,0.259,89.8
New York,NYI - New York,QTD Systems,100 William Street,10038,New York,1038000.0,0.254,96.1
New York,Hudson InterXchange,Hudson InterXchange,60 Hudson Street,10013,New York,1150000.0,0.287,105.6
New York,365 Data Centers - New York 2,365 Data Centers,325 Hudson St,10013,New York,1150000.0,0.287,105.6
New York,DataBank LGA2 - Downtown New York City,DataBank,111 8th Ave,10011,Manhattan,922000.0,0.27,100.4
New York,Crown Castle New York (NY1),CROWN CASTLE,111 8th Ave,10011,New York City,922000.0,0.27,100.4
New York,Delimiter Commack Data Center,Delimiter Corp,500 Commack Road,NY11725,Commack,1255000.0,0.265,104.3
New York,Cogent Data Center - New York,"Cogent Communications, Inc.",25 Broadway,10004,New York,1044000.0,0.251,90.9
New York,CoreSite Secaucus (NY2),CoreSite,2 Emerson Ln,07094,Secaucus,1276000.0,0.249,99.0
New York,H5 Data Centers New York,H5 Data Centers,325 Hudson St,10013,New York,1150000.0,0.287,105.6
New York,Equinix NY9,Equinix,111 8th Avenue,10011,New York,922000.0,0.27,100.4
New York,CoreSite New York (NY1),CoreSite,32 Avenue of the Americas,10013,New York,1150000.0,0.287,105.6
New York,DataBank Orangeburg Campus,DataBank,2000 Corporate Dr,10962,Orangeburg,1043000.0,0.254,98.3
New York,Epsilon Global Hubs - New York,Epsilon,60 Hudson Street,10013,New York,1150000.0,0.287,105.6
New York,Dataverge NY,DataVerge,882 3rd Ave,11232,Brooklyn,1018000.0,0.251,133.4
New York,111 Eight Avenue,Google,111 8th Avenue,10011,New York,922000.0,0.27,100.4
New York,Speedcast NY,Speedcast International Ltd.,45 Oser Avenue,11788,Hauppauge,1037000.0,0.256,108.4
New York,365 Data Centers - New York 3,365 Data Centers,121 Varick St.,10013,New York,1150000.0,0.287,105.6
New York,Lunavi Orangeburg,Lunavi,1 Ramland Rd,10962,Orangeburg,1043000.0,0.254,98.3
New York,ColoHouse New York,ColoHouse,1 Ramland Road,10962,Orangeburg,1043000.0,0.254,98.3
New York,NewBridge Brooklyn,NewBridge,927 McDonald Ave,11218,Brooklyn,1101000.0,0.254,89.1
New York,DataBank LGA3 - Orangeburg,DataBank,2000 Corporate Dr,10962,Orangeburg,1043000.0,0.254,98.3
New York,DataBank LGA4 - Orangeburg,DataBank,2000 Corporate Dr,10962,Orangeburg,1043000.0,0.254,98.3
New York,75 Broad Street,JEMB Realty Inc.,75 Broad Street,10004,New York,1044000.0,0.251,90.9
New York,Evocative JFK2,Evocative Data Centers,480 N Bedford Rd,10514,Chappaqua,968000.0,0.235,88.8
New York,365 Data Centers - New York 1,365 Data Centers,65 Broadway,10006,New York,979000.0,0.249,89.1
New York,Cogent Data Center - Hackensack,"Cogent Communications, Inc.",280 State St,07601,Hackensack,1060000.0,0.251,87.1
New York,Lumen New York 2,Lumen,601 W 26th,10001,New York,1082000.0,0.262,97.1
New York,60 Hudson Street,Colliers International,60 Hudson Street,10013,New York,1150000.0,0.287,105.6
New York,121 Varick St,121 Varick Street Corp.,121 Varick St,10013,New York,1150000.0,0.287,105.6
New York,Sentinel NY-1,Sentinel Datacenters,155 Corporate Dr,10962,Orangeburg,1043000.0,0.254,98.3
New York,Metanet Staten Island,"Metanet, Inc.",7 Teleport Dr,10311,Staten Island,1051000.0,0.259,89.8
New York,Colocation America NYDC3,Colocation America,11 Skyline Dr,10532,Hawthorne,1260000.0,0.266,96.6
New York,365 Data Centers - New York 4,365 Data Centers,32 6th ave,10013,New York,1150000.0,0.287,105.6
New York,CherryRoad NYC3,CherryRoad Technologies,375 Pearl Street,10038,Manhattan,1038000.0,0.254,96.1
New York,Blue Hill Plaza,Blue Hill Data Services,2 Blue Hill Plaza,10965,Pearl River,1280000.0,0.265,98.2
New York,Centersquare - New York EWR3-B,Csquare,365 S Randolphville,08854,Piscataway,1124000.0,0.28,116.6
New York,Metanet Chelsea,"Metanet, Inc.",85 10th Ave,10011,New York,922000.0,0.27,100.4
New York,Arbinet 75 Broad St,Arbinet,75 Broad St.,10004,New York,1044000.0,0.251,90.9
New York,Frontline Data Services Orangeburg,Frontline Data Services,100 Dutch Hill Rd,10962,Orangeburg,1043000.0,0.254,98.3
New York,The Starrett-Lehigh Building,Windstream,601 W 26th Street,10001,New York,1082000.0,0.262,97.1
New York,365 Data Centers - Long Island,365 Data Centers,500 Commack Road,j11725,Commack,1255000.0,0.265,104.3
New York,Colocation America NYDC1,Colocation America,60 Hudson Street,10013,New York,1150000.0,0.287,105.6
New York,EXA DC New York,EXA Infrastructure,60 Hudson Street,10013,New York,1150000.0,0.287,105.6
New York,Colocation America NYDC2,Colocation America,111 8th Avenue,10011,New York,922000.0,0.27,100.4
New York,Crown Castle New York - 60 Hudson St,CROWN CASTLE,60 Hudson St,10013,New York,1150000.0,0.287,105.6
New York,Lumen New York 1,Lumen,111 8th Avenue,10011,New York,922000.0,0.27,100.4
New York,TeliaSonera NYKEC,Telia Company,111 8th Avenue,10011,New York,922000.0,0.27,100.4
New York,32 Avenue of the Americas,Rudin Management Company,32 Avenue of the Americas (6th Ave),10019,New York,964000.0,0.259,98.2
New York,AT&T New York,AT&T,811 10th Avenue,10019,New York,964000.0,0.259,98.2
New York,AT&T Secaucus,AT&T,15 Enterprise Ave N,07094,Secaucus,1276000.0,0.249,99.0
New York,NaviSite New York,"NaviSite, Inc.",395 Hudson St,10014,New York,1167000.0,0.265,75.6
New York,New York Connect Data Center,"New York Connect.Net, Ltd.",111 8th Avenue,10011,New York,922000.0,0.27,100.4
New York,LG Networks NYC Node,Lumen,150 Varick Street,10012,New York,870000.0,0.24,96.8
New York,TELEHOUSE Briad Financial Center,Telehouse America,33 Whitehall Street,10004,New York,1044000.0,0.251,90.9
New York,Tata Communications New York,Tata Communications,32 6th Ave,10013,New York,1150000.0,0.287,105.6
New York,Metanet New York,"Metanet, Inc.",111 8th Avenue,10011,New York,922000.0,0.27,100.4
Los Angeles,600 West 7th Street (LAX10),Digital Realty,600 West 7th Street,90017,Los Angeles,1161000.0,0.337,99.5
Los Angeles,2260 E El Segundo Blvd (LAX12),Digital Realty,2260 East El Segundo Boulevard,90245,El Segundo,907000.0,0.331,76.2
Los Angeles,Hivelocity - Los Angeles 2,Hivelocity,600 W. 7th St,90017,Los Angeles,1161000.0,0.337,99.5
Los Angeles,Hivelocity - Los Angeles 1,Hivelocity,624 S Grand Ave,90017,Los Angeles,1161000.0,0.337,99.5
Los Angeles,4400 Pacific Blvd,Digital Realty,4400 Pacific Blvd,90058,Vernon,994000.0,0.317,95.4
Los Angeles,Serverfarm Los Angeles Data Center LAX1,Serverfarm,444 North Nash Street,90245,El Segundo,907000.0,0.331,76.2
Los Angeles,Centersquare - Los Angeles LAX5-A,Csquare,2681 Kelvin Ave,92614,Irvine,908000.0,0.329,84.4
Los Angeles,Prime Los Angeles,Prime Data Centers,4701 S Santa Fe Ave,90058,Vernon,994000.0,0.317,95.4
Los Angeles,Colocation America LADC3,Colocation America,600 W. 7th St,90017,Los Angeles,1161000.0,0.337,99.5
Los Angeles,West 7 Center,Rising Realty Partners,1200 West 7th Street,90017,Los Angeles,1161000.0,0.337,99.5
Los Angeles,One Wilshire,GI Property Management,624 South Grand Avenue,90017,Los Angeles,1161000.0,0.337,99.5
Los Angeles,Equinix LA2,Equinix,818 W 7th Street,90017,Los Angeles,1161000.0,0.337,99.5
Los Angeles,Cogent Data Center - Los Angeles,"Cogent Communications, Inc.",530 W 6th St,90017,Los Angeles,1161000.0,0.337,99.5
Los Angeles,Cogent Data Center - Pasadena,"Cogent Communications, Inc.",2947  Bradley Street,91107,Pasadena,963000.0,0.329,89.0
Los Angeles,DataBank LAX1 - Los Angeles One Wilshire,DataBank,624 South Grand Avenue,90017,Los Angeles,1161000.0,0.337,99.5
Los Angeles,Colocation America LADC4,Colocation America,530 W. 6th St,90017,Los Angeles,1161000.0,0.337,99.5
Los Angeles,Converge Technology Solutions Data Center,Converge Technology Solutions,30077 Agoura Ct,91301,Agoura Hills,974000.0,0.323,85.1
Los Angeles,Colocation America LADC5,Colocation America,650 S. Grand Ave,90017,Los Angeles,1161000.0,0.337,99.5
Los Angeles,Colocation America LADC2,Colocation America,707 Wilshire Blvd,90017,Los Angeles,1161000.0,0.337,99.5
Los Angeles,Alchemy Downtown Data Center,"Dynascale, Inc.",1200 West 7th Street,90017,Los Angeles,1161000.0,0.337,99.5
Los Angeles,Crown Castle Los Angeles LA1,CROWN CASTLE,624 S Grand Ave,90017,Los Angeles,1161000.0,0.337,99.5
Los Angeles,Equinix LA7,Equinix,1501 Francisco Street,90501,Torrance,940000.0,0.317,96.3
Los Angeles,Equinix LA3,Equinix,1920 E Maple Ave,90245,El Segundo,907000.0,0.331,76.2
Los Angeles,Psychz Los Angeles,Psychz Networks,700 Wilshire Blvd,90017,Los Angeles,1161000.0,0.337,99.5
Los Angeles,Evocative LAX14,Evocative Data Centers,3690 Redondo Beach Avenue,90278,Redondo Beach,960000.0,0.306,75.3
Los Angeles,UnitedLayer Los Angeles,"UnitedLayer, Inc.",624 S Grand Ave,90017,Los Angeles,1161000.0,0.337,99.5
Los Angeles,ColoCrossing LA1,ColoCrossing,1200 W 7th Street,90017,Los Angeles,1161000.0,0.337,99.5
Los Angeles,CoreSite One Wilshire (LA1),CoreSite,624 South Grand Avenue,90017,Los Angeles,1161000.0,0.337,99.5
Los Angeles,Crown Castle Los Angeles LA2,CROWN CASTLE,609 W 7th St,90017,Los Angeles,1161000.0,0.337,99.5
Los Angeles,Cogent Data Center - La Mirada,"Cogent Communications, Inc.",16680 Valley View Avenue,90638,La Mirada,1042000.0,0.317,87.3
Los Angeles,Equinix LA1,Equinix,600 West 7th Street,90017,Los Angeles,1161000.0,0.337,99.5
Los Angeles,CoreSite Los Angeles (LA2),CoreSite,900 North Alameda,90017,Los Angeles,1161000.0,0.337,99.5
Los Angeles,Xfernet Data Center,Xfernet,3250 Wilshire Blvd,90010,Koreatown,1098000.0,0.281,65.4
Los Angeles,One Data Center Ontario,One Data Center America,350 S Milliken Ave,91761,Ontario,1041000.0,0.32,83.7
Los Angeles,Evocative LAX2,Evocative Data Centers,600 W 7th Street,90017,Los Angeles,1161000.0,0.337,99.5
Los Angeles,DigiCo Los Angeles LAX1,DigiCo Infrastructure REIT,1977 Saturn St,91755,Monterey Park,1177000.0,0.325,86.1
Los Angeles,Subrigo - 650 South Grand,Subrigo,650 South Grand Avenue,90017,Los Angeles,1161000.0,0.337,99.5
Los Angeles,Cogent Data Center - Burbank,"Cogent Communications, Inc.",100 S Flower St,91502,Burbank,1154000.0,0.324,98.7
Los Angeles,Aon Center,Shorenstein,707 Wilshire Boulevard,90017,Los Angeles,1161000.0,0.337,99.5
Los Angeles,TELEHOUSE Los Angeles Center,Telehouse America,626 Wilshire Boulevard,90017,Los Angeles,1161000.0,0.337,99.5
Los Angeles,QuadraNet Los Angeles,QuadraNet.com,530 W. 6th St.,90014,Los Angeles,1009000.0,0.321,78.8
Los Angeles,Goodman LAX01,Goodman,3094 E Vernon Ave,90058,Vernon,994000.0,0.317,95.4
Los Angeles,Centersquare - Los Angeles LAX2,Csquare,3015 Winona Avenue,91504,Burbank,1133000.0,0.316,84.8
Los Angeles,Colocation America LADC1,Colocation America,624 South Grand Avenue,90017,Los Angeles,1161000.0,0.337,99.5
Los Angeles,CoreSite Los Angeles (LA3),CoreSite,260 Bauchet St.,90012,Los Angeles,976000.0,0.313,76.2
Los Angeles,365 Data Centers - Los Angeles 1,365 Data Centers,600 W 7th St.,90017,Los Angeles,1161000.0,0.337,99.5
Los Angeles,Vernon Data Center,"Downtown Properties Holdings, LLC",5001 S. Soto Street,90058,Vernon,994000.0,0.317,95.4
Los Angeles,Fireline Broadband Data Center,Fireline Broadband,5900 Wilshire Blvd,90036,Los Angeles,1211000.0,0.325,82.3
Los Angeles,Edge Centres EC101 Los Angeles,Edge Centres,707 Wilshire Blvd.,90017,Los Angeles,1161000.0,0.337,99.5
Los Angeles,Alchemy LAX Data Center,"Dynascale, Inc.",6171 West Century Blvd,90045,Los Angeles,1097000.0,0.325,68.0
Los Angeles,Crown Castle Los Angeles LA3,CROWN CASTLE,530 W 6th St,90017,Los Angeles,1161000.0,0.337,99.5
Los Angeles,DataBank - 707 Wilshire Blvd,DataBank,707 Wilshire Blvd,90017,Los Angeles,1161000.0,0.337,99.5
Los Angeles,Aptum Los Angeles,Aptum,360 E 2nd Street,90017,Los Angeles,1161000.0,0.337,99.5
Los Angeles,One Data Center America,One Data Center America,3833 Ebony St,91761,Ontario,1041000.0,0.32,83.7
Los Angeles,365 Data Centers - Los Angeles 2,365 Data Centers,624 South Grand Ave,90017,Los Angeles,1161000.0,0.337,99.5
Los Angeles,Windstream Los Angeles,Windstream,530 West 6th St,90014,Los Angeles,1009000.0,0.321,78.8
Los Angeles,365 Data Centers - Los Angeles 3,365 Data Centers,900 N. Alameda St,90012,Los Angeles,976000.0,0.313,76.2
Los Angeles,Spectrum Networks El Segundo,Spectrum,2345 Alaska Ave,90245,El Segundo,907000.0,0.331,76.2
Los Angeles,818 West 7th Street,"Downtown Properties Holdings, LLC",818 West 7th Street,90017,Los Angeles,1161000.0,0.337,99.5
Los Angeles,DigiCo Los Angeles LAX2,DigiCo Infrastructure REIT,1980 Saturn St,91755,Monterey Park,1177000.0,0.325,86.1
Los Angeles,Lumen Los Angeles,Lumen,818 W. 7th Street,90017,Los Angeles,1161000.0,0.337,99.5
Los Angeles,Quinby Building,Quinby Building,650 South Grand Avenue,90017,Los Angeles,1161000.0,0.337,99.5
Los Angeles,Telecom Center LA,BGC Group,530 West 6th Street,90017,Los Angeles,1161000.0,0.337,99.5
Los Angeles,Long Beach Data Center,Long Beach Data Center,3910 E 7th St,90804,Long Beach,1028000.0,0.331,92.3
Los Angeles,NocRoom Los Angeles Colocation,NocRoom Miami Colocation VPS,530 W 6th Street Penthouse,90014,Los Angeles,1009000.0,0.321,78.8
Los Angeles,Hostrunway Los Angeles,Hostrunway,900 N Alameda St #200,90012,Los Angeles,976000.0,0.313,76.2
Los Angeles,611 Wilshire,Xyvest Holdings,611 Wilshire Blvd,90017,Los Angeles,1161000.0,0.337,99.5
Los Angeles,IHNetworks Datacenter (SFV1),"IHNetworks, LLC",20339 Nordhoff Street,91311,Chatsworth,1040000.0,0.316,85.2
Los Angeles,China Telecom One Wilshire,China Telecom Americas,624 S Grand Ave,90017,Los Angeles,1161000.0,0.337,99.5
Los Angeles,WebNX Los Angeles,WebNX Internet Services,530 W 6th St,90017,Los Angeles,1161000.0,0.337,99.5
Los Angeles,Subrigo - 624 South Grand,Subrigo,624 South Grand Avenue,90017,Los Angeles,1161000.0,0.337,99.5
Los Angeles,Lumen Los Angeles 4,Lumen,600 Wilshire Blvd,90017,Los Angeles,1161000.0,0.337,99.5
Chicago,350 East Cermak Road (ORD10),Digital Realty,350 East Cermak Road,60616,Chicago,473000.0,0.155,72.8
Chicago,600 S. Federal St. (ORD11),Digital Realty,600 South Federal Street,60605,Chicago,409000.0,0.151,60.9
Chicago,505 N. Railroad Avenue (ORD23),Digital Realty,505 North Railroad Avenue,60164,Northlake,353000.0,0.154,86.5
Chicago,2200 Busse Road (CH1),Digital Realty,2200 Busse Road,60007,Elk Grove Village,347000.0,0.152,64.9
Chicago,9355 Grand Ave (ORD13),Digital Realty,9355 Grand Ave,60131,Franklin Park,432000.0,0.148,71.0
Chicago,9333 Grand Avenue (ORD12),Digital Realty,9333 Grand Avenue,60131,Franklin Park,432000.0,0.148,71.0
Chicago,1400 East Devon Avenue (CH3),Digital Realty,1400 East Devon Avenue,60007,Elk Grove Village,347000.0,0.152,64.9
Chicago,9377 Grand Ave (ORD14),Digital Realty,9377 Grand Ave,60131,Franklin Park,432000.0,0.148,71.0
Chicago,2425-2553 Edgington Street (ORD22),Digital Realty,2425-2553 Edgington St,60131,Franklin Park,432000.0,0.148,71.0
Chicago,2299 Busse Road (CH2),Digital Realty,2299 Busse Road,60007,Elk Grove Village,347000.0,0.152,64.9
Chicago,9401 West Grand Avenue (ORD15),Digital Realty,9401 W Grand Ave,60131,Franklin Park,432000.0,0.148,71.0
Chicago,Hivelocity - Chicago 1,Hivelocity,350 East Cermak Road,60616,Chicago,473000.0,0.155,72.8
Chicago,CyrusOne CHI5 - Lombard,CyrusOne Data Centers,1850 Springers Drive,60148,Lombard,434000.0,0.153,71.0
Chicago,GDC - Chicago CH1 Data Center,"NTT DATA, Inc.",255 Pierce Road,60143,Itasca,431000.0,0.154,66.8
Chicago,CyrusOne CHI2 - Aurora,CyrusOne Data Centers,2805 Diehl Rd,60502,Aurora,371000.0,0.14,72.6
Chicago,Summit Elk Grove Village,Summit (formerly Deft),2200 Busse Rd,60007,Elk Grove Village,347000.0,0.152,64.9
Chicago,Centersquare - Chicago ORD4-A,Csquare,4513 Western Ave,60532,Lisle,402000.0,0.158,79.9
Chicago,T5 Data Centers - T5@Chicago,T5 Data Centers,200 Innovation Dr,60007,Elk Grove Village,347000.0,0.152,64.9
Chicago,Serverfarm Chicago Data Center CH1,Serverfarm,840 S. Canal Street,60607,Chicago,402000.0,0.155,69.6
Chicago,Netrality - 717 S Wells,Netrality,717 S. Wells,60607,Chicago,402000.0,0.155,69.6
Chicago,Prime Chicago Data Center Campus,Prime Data Centers,1701 Midway Ct,60007,Elk Grove Village,347000.0,0.152,64.9
Chicago,Prime Chicago - Building 1,Prime Data Centers,"1500 E Higgins Rd, Elk Grove Village, IL 60007, USA",60007,Elk Grove Village,347000.0,0.152,64.9
Chicago,Prime Chicago - Building 3,Prime Data Centers,1701 Midway Court,60007,Elk Grove Village,347000.0,0.152,64.9
Chicago,Summit Chicago,Summit (formerly Deft),350 East Cermak Road,60616,Chicago,473000.0,0.155,72.8
Chicago,Colocation America CHIDC1,Colocation America,350 E. Cermak Rd,60616,Chicago,473000.0,0.155,72.8
Chicago,Iron Mountain Data Centers CHI-1,Iron Mountain Data Centers,1680 Touhy Avenue,60018,Des Plaines,444000.0,0.151,75.7
Chicago,CyrusOne CHI1 - Aurora,CyrusOne Data Centers,2905 Diehl Rd.,60148,Lombard,434000.0,0.153,71.0
Chicago,Legacy - Chicago Byte Exchange,Legacy Investing,400 S LaSalle St,60605,Chicago,409000.0,0.151,60.9
Chicago,Prime Chicago - Building 2,Prime Data Centers,1600 Oakton St,60007,Elk Grove Village,347000.0,0.152,64.9
Chicago,Apotech Data Center,Apotech,1331 E Business Center Dr,60056,Mt Prospect,390000.0,0.144,68.0
Chicago,TierPoint Chicago - Polk,TierPoint,601 W. Polk St.,60607,Chicago,402000.0,0.155,69.6
Chicago,Element Critical Chicago One,Element Critical,711 N. Edgewood Ave.,60191,Wood Dale,396000.0,0.148,73.0
Chicago,Skybox Chicago I,Skybox Datacenters,800 E Devon Ave,60007,Elk Grove Village,347000.0,0.152,64.9
Chicago,DataBank ORD3 - Mount Prospect,DataBank,800 E Business Center Dr,60056,Mt. Prospect,390000.0,0.144,68.0
Chicago,DataBank ORD4 - Chicago Tri-State,DataBank,1808 Swift Dr,60523,Oak Brook,375000.0,0.158,61.5
Chicago,Cogent Data Center - Chicago 2,"Cogent Communications, Inc.",216 W. Jackson Blvd,60606,Chicago,337000.0,0.154,75.6
Chicago,Cogent Data Center - Chicago 1,"Cogent Communications, Inc.",427 LaSalle St,60606,Chicago,337000.0,0.154,75.6
Chicago,Element Critical Chicago Two,Element Critical,341 Haynes Dr,60191,Wood Dale,396000.0,0.148,73.0
Chicago,Colocation America CHIDC4,Colocation America,1808 Swift Dr.,60523,Oak Brook,375000.0,0.158,61.5
Chicago,TierPoint Chicago - West,TierPoint,9333 West Grand Ave.,60131,Franklin Park,432000.0,0.148,71.0
Chicago,Equinix CH4,Equinix,350 E Cermak Rd,60616,Chicago,473000.0,0.155,72.8
Chicago,Equinix CH7,Equinix,111 Plaza Drive,60559,Westmont,426000.0,0.166,67.3
Chicago,STACK Infrastructure CHI01B,STACK INFRASTRUCTURE,1301 Touhy Ave,60007,Elk Grove Village,347000.0,0.152,64.9
Chicago,US Signal Chicago IL01,"US Signal Company, LLC",810 Jorie Blvd,60523,Oak Brook,375000.0,0.158,61.5
Chicago,Metro Edge IMD1,Metro Edge,1951 W Hastings St,60608,Chicago,359000.0,0.156,77.2
Chicago,DataBank ORD2 - Chicago,DataBank,840 S Canal St,60607,Chicago,402000.0,0.155,69.6
Chicago,DataBank ORD1 - Downtown Chicago,DataBank,600 S Federal St,60605,Chicago,409000.0,0.151,60.9
Chicago,EdgeConneX Chicago - EDCCHI02,EdgeConneX,2021 Lunt Ave,60007,Elk Grove Village,347000.0,0.152,64.9
Chicago,Stream DC Chicago I,Stream Data Centers,2080 Lunt Avenue,60007,Elk Grove Village,347000.0,0.152,64.9
Chicago,HydraVault Data Center,HydraVault,2538 S Wabash Ave,60616,Chicago,473000.0,0.155,72.8
Chicago,Centersquare - Chicago ORD1-A,Csquare,350 East Cermak,60616,Chicago,473000.0,0.155,72.8
Chicago,SBA Edge Chicago,SBA Edge,603 Discovery Drive,60185,West Chicago,387000.0,0.138,79.1
Chicago,Centersquare - Chicago ORD1-D,Csquare,350 E Cermak Rd,60616,Chicago,473000.0,0.155,72.8
Chicago,CoreSite Chicago (CH1),CoreSite,427 South LaSalle,60605,Chicago,409000.0,0.151,60.9
Chicago,Centersquare - Chicago ORD1-C,Csquare,350 E Cermak Rd,60616,Chicago,473000.0,0.155,72.8
Chicago,FirstComm Data Center,First Communications,601 W Polk St,60607,Chicago,402000.0,0.155,69.6
Chicago,ColoCrossing CH1,ColoCrossing,2200 Busse Road,60007,Elk Grove Village,347000.0,0.152,64.9
Chicago,H5 Data Centers Chicago,H5 Data Centers,1951 W. Hastings St.,60608,Chicago,359000.0,0.156,77.2
Chicago,Stream DC Chicago II,Stream Data Centers,1925 Busse Road,60007,Elk Grove Village,347000.0,0.152,64.9
Chicago,725 S. Wells,1547 Critical Systems Realty,725 S Wells,60607,Chicago,402000.0,0.155,69.6
Chicago,CDW Elk Grove Data Center,CDW Corporation,1441 Touhy Ave,60007,Elk Grove Village,347000.0,0.152,64.9
Chicago,STACK Infrastructure CHI01A,STACK INFRASTRUCTURE,1441 Touhy Ave,60007,Elk Grove Village,347000.0,0.152,64.9
Chicago,Digital Fortress Chicago,Digital Fortress,360 E 22nd St.,60148,Lombard,434000.0,0.153,71.0
Chicago,Equinix CH1,Equinix,350 E Cermak Rd,60616,Chicago,473000.0,0.155,72.8
Chicago,Equinix CH2,Equinix,350 E Cermak Rd,60616,Chicago,473000.0,0.155,72.8
Chicago,GDC - Chicago CH3 Data 'Center,"NTT DATA, Inc.",255 Pierce Rd,60143,Itasca,431000.0,0.154,66.8
Chicago,GDC - Chicago CH2 Data Center,"NTT DATA, Inc.",275 Pierce Rd,60143,Itasca,431000.0,0.154,66.8
Chicago,Cogent Data Center - Chicago 3,"Cogent Communications, Inc.",4200 W 40th St,60632,Chicago,364000.0,0.144,66.1
Chicago,QTS Chicago 1 DC1,QTS Data Centers,2800 S. Ashland Ave,60608,Chicago,359000.0,0.156,77.2
Chicago,365 Data Centers - Chicago 1,365 Data Centers,427 S La Salle St,60605,Chicago,409000.0,0.151,60.9
Chicago,Aligned ORD-01,Aligned Data Centers,505 Northwest Avenue,60164,Northlake,353000.0,0.154,86.5
Chicago,Microsoft Northlake,Microsoft,601-605 Northwest Ave,60164,Northlake,353000.0,0.154,86.5
Chicago,Centersquare - Chicago ORD2-A,Csquare,2425 Busse Road,60007,Elk Grove Village,347000.0,0.152,64.9
Chicago,CoreWeave Hammond,CoreWeave,301 Digital Xrds Dr,46320,Hammond,391000.0,0.144,68.2
Chicago,CyrusOne CHI6 - Wood Dale,CyrusOne Data Centers,Bryn Mawr Ave & Pine Ave,60106,Wood Dale,329000.0,0.159,70.6
Chicago,CloudHQ ORD Campus,CloudHQ,1200 E Algonquin Rd,60016,Des Plaines,423000.0,0.163,63.3
Chicago,Ascent CH2,Ascent,505 N Railroad Ave,60164,Northlake,353000.0,0.154,86.5
Chicago,Equinix CH3,Equinix,1905 Lunt Avenue,60007,Elk Grove Village,347000.0,0.152,64.9
Chicago,CoreSite Chicago (CH2),CoreSite,1432 S Clinton St.,60607,Chicago,402000.0,0.155,69.6
Chicago,STACK Infrastructure CHI02,STACK INFRASTRUCTURE,1830 Jarvis Ave,60007,Elk Grove Village,347000.0,0.152,64.9
Chicago,Rackspace Chicago,Rackspace Hosting,2200 Busse Road,60007,Elk Grove Village,347000.0,0.152,64.9
Chicago,Chirisa Chirisa Volo Technology Park YLO-02,Chirisa,300 South Fish Lake Rd,60073,Volo,374000.0,0.147,62.7
Chicago,Chirisa Chirisa Volo Technology Park YLO-01,Chirisa,300 South Fish Lake Rd,60073,Volo,374000.0,0.147,62.7
Chicago,Chicago Board of Trade Building,"Apollo Global Management, Inc.",141 West Jackson,60604,Chicago,415000.0,0.142,78.3
Chicago,1808 Swift Drive,CenterPoint Properties,1808 Swift Drive,60523,Oak Brook,375000.0,0.158,61.5
Chicago,360TCS Data Center,360 Technology Center Solutions,360 E. 22nd St.,60148,Lombard,434000.0,0.153,71.0
Chicago,Centersquare - Chicago ORD1-B,Csquare,350 East Cermak,60609,Chicago,339000.0,0.15,66.8
Chicago,XNet Critical Computing Facility,"XNet Information Systems, Inc.",3080 Ogden Ave,60532,Lisle,402000.0,0.158,79.9
Chicago,NetSource Naperville 1,"NetSource Communications, Inc.",2368 Corporate Lane,60563,Naperville,378000.0,0.145,75.9
Chicago,Midway Technology Center,1547 Critical Systems Realty,40 E Garfield Blvd,60615,Chicago,363000.0,0.146,76.5
Chicago,Aligned ORD-04,Aligned Data Centers,150 NW Point Blvd,60007,Elk Grove Village,347000.0,0.152,64.9
Chicago,CloudHQ ORD3,CloudHQ,1200 E Algonquin Rd,60016,Des Plaines,423000.0,0.163,63.3
Chicago,Naperville Data Center,KARIS Critical,1940 Lucent Ln,60563,Naperville,378000.0,0.145,75.9
Chicago,Aligned ORD-03,Aligned Data Centers,50 NW Point Blvd,60007,Elk Grove Village,347000.0,0.152,64.9
Chicago,CloudHQ ORD1,CloudHQ,1200 E Algonquin Rd,60016,Des Plaines,423000.0,0.163,63.3
Chicago,Microsoft Hoffman Estates - Building 2,Microsoft,Lakewood Blvd,60192,Hoffman Estates,406000.0,0.155,78.7
Chicago,Microsoft Hoffman Estates - Building 1,Microsoft,Lakewood Blvd,60192,Hoffman Estates,406000.0,0.155,78.7
Chicago,Microsoft Elk Grove Campus,Microsoft,"Elk Grove Technology Park, Innovation Dr & Oakton St",60007,Elk Grove Village,347000.0,0.152,64.9
Chicago,Microsoft Hoffman Estates Campus,Microsoft,Lakewood Blvd,60192,Hoffman Estates,406000.0,0.155,78.7
Chicago,T5 Data Centers - T5@Grayslake Campus,T5 Data Centers,30907 N Alleghany Rd,60030,Grayslake,450000.0,0.152,75.7
Chicago,Chirisa Volo Technology Park,Chirisa,300 South Fish Lake Rd,60073,Volo,374000.0,0.147,62.7
Chicago,Stream DC Chicago III,Stream Data Centers,2000 Landmeier Rd,60007,Elk Grove Village,347000.0,0.152,64.9
Chicago,T5 Data Centers - T5@Chicago lll,T5 Data Centers,11650 W Grand Ave,60164,Northlake,353000.0,0.154,86.5
Chicago,T5 Data Centers - T5@Chicago V,T5 Data Centers,within,Elk Grove Village,TBA,456000.0,0.153,76.9
Chicago,ColoHouse Chicago Cermak,ColoHouse,350 E Cermak,60616,Chicago,473000.0,0.155,72.8
Chicago,CloudHQ ORD2,CloudHQ,1200 E Algonquin Rd,60016,Des Plaines,423000.0,0.163,63.3
Chicago,Aligned ORD-02,Aligned Data Centers,505 Northwest Avenue,60164,Northlake,353000.0,0.154,86.5
Chicago,ColoHouse Chicago Wells,ColoHouse,725 S Wells Street,60607,Chicago,402000.0,0.155,69.6
Chicago,FDCservers.net,FDCservers.net LLC,141 West Jackson Blvd.,60604,Chicago,415000.0,0.142,78.3
Chicago,HW Technology Park,Hillwood Development Company,Millsdale Rd / Schweitzer Rd,60421,Joliet,384000.0,0.158,68.3
Chicago,Colovore ORD01,Colovore,within,"Aurora, 41 miles from Chicago",TBA,456000.0,0.153,76.9
Chicago,Equinix CH5,Equinix,2001 Lunt Ave,60007,Elk Grove Village,347000.0,0.152,64.9
Chicago,EdgeConneX Chicago - EDCCHI01,EdgeConneX,1800 Nicholas Blvd,60007,Elk Grove Village,347000.0,0.152,64.9
Chicago,Chicago Exchange,Menlo Digital,601 W. Polk St,60605,Chicago,409000.0,0.151,60.9
Chicago,CDC - Chicago CH5 Data Center,"NTT DATA, Inc.",1250 N Arlington Heights Rd,60143,Itasca,431000.0,0.154,66.8
Chicago,LexisNexis Oak Brook,LexisNexis,1808 Swift Dr,60523,Oak Brook,375000.0,0.158,61.5
Chicago,Edged Chicago ORD1,Edged Energy,2815 Bilter Rd,60502,Aurora,371000.0,0.14,72.6
Chicago,8080 S DuSable Lake Shore Drive,Related Digital,8080 S DuSable Lake Shore Dr,60617,Chicago,395000.0,0.157,58.3
Chicago,Connect Chicago,Connect Data Centers by Oppidan,245 Kehoe Blvd,60188,Carol Stream,441000.0,0.145,71.9
Chicago,Edged Chicago ORD3,Edged Energy,2725 Bilter Rd,60502,Aurora,371000.0,0.14,72.6
Chicago,Edged Chicago ORD2,Edged Energy,2835 Bilter Rd,60502,Aurora,371000.0,0.14,72.6
Chicago,216 West Jackson Boulevard,"Baum Realty Group, LLC",216 W Jackson Blvd,60606,Chicago,337000.0,0.154,75.6
Chicago,365 Data Centers - Chicago 2,365 Data Centers,350 East Cermak Road,60623,Chicago,403000.0,0.148,71.7
Chicago,GDC - Chicago CH4 Data Center,"NTT DATA, Inc.",1200 N Arlington Heights Rd,60143,Itasca,431000.0,0.154,66.8
Chicago,Edged Chicago Campus,Edged Energy,2725-2815 Bilter Rd,60502,Aurora,371000.0,0.14,72.6
Chicago,Microsoft Elk Grove - Building 3,Microsoft,"Elk Grove Technology Park, Innovation Dr & Oakton St",60007,Elk Grove Village,347000.0,0.152,64.9
Chicago,Microsoft Hoffman Estates - Building 4,Microsoft,Lakewood Blvd,60192,Hoffman Estates,406000.0,0.155,78.7
Chicago,Microsoft Plano (IL),Microsoft,Eldamain Rd & Corneils Rd,60545,Plano,342000.0,0.154,70.4
Chicago,Microsoft Hoffman Estates - Building 3,Microsoft,Lakewood Blvd,60192,Hoffman Estates,406000.0,0.155,78.7
Chicago,KARIS Hoffman Estates,KARIS Critical,Higgins Rd & Illinois Rte 59,60010,Hoffman Estates,393000.0,0.157,58.9
Chicago,Chicago Campus,Aligned Data Centers,505 Northwest Avenue,60164,Northlake,353000.0,0.154,86.5
Chicago,Microsoft Elk Grove - Building 2,Microsoft,"Elk Grove Technology Park, Innovation Dr & Oakton St",60007,Elk Grove Village,347000.0,0.152,64.9
Chicago,NTT Chicago Campus,"NTT DATA, Inc.",255-275 Pierce Rd,60143,Itasca,431000.0,0.154,66.8
Chicago,Meta DeKalb Campus,Meta,1550-2050 Metaverse Wy,60115,DeKalb,385000.0,0.141,63.7
Chicago,KARIS DeKalb Campus,KARIS Critical,Gurler Rd & Peace Rd,60115,DeKalb,385000.0,0.141,63.7
Chicago,WOWaccess Data Center,WOWaccess,184 Shuman Blvd,60563,Naperville,378000.0,0.145,75.9
Chicago,Microsoft Elk Grove - Building 1,Microsoft,"Elk Grove Technology Park, Innovation Dr & Oakton St",60007,Elk Grove Village,347000.0,0.152,64.9
Chicago,Lumen Chicago 3,Lumen,200 N LaSalle St,60601,Chicago,410000.0,0.155,59.9
Chicago,Compass Hoffman Estates,Compass Datacenters,3333 Beverly Rd,60179,Hoffman Estates,382000.0,0.141,74.6
Chicago,DLS Internet LITH,DLS Internet Services,950 E. Oak Street,60156,Lake in the Hills,430000.0,0.158,61.7
Chicago,Axon Datacenter,Axon Datacenters,7093 Barry St,60018,Rosemont,444000.0,0.151,75.7
Chicago,Lumen South Holland 1,Lumen,200 E 166th St,60473,South Holland,443000.0,0.137,71.7
Chicago,CyrusOne CHI3 - Aurora Campus,CyrusOne Data Centers,2725 Bilter Rd,60502,Aurora,371000.0,0.14,72.6
Chicago,CBTS Lombard Data Center I,CBTS,1850 W Springer,60148,Lombard,434000.0,0.153,71.0
Chicago,Hostrunway Lombard,Hostrunway,1850 Springer Dr,60148,Lombard,434000.0,0.153,71.0
Chicago,Volico Chicago,Volico Data Center,350 E Cermak Rd,60616,Chicago,473000.0,0.155,72.8
Chicago,GigeNET Chicago,Gigenet,545 E. Algonquin Rd.,60005,Arlington Heights,385000.0,0.158,71.0
Chicago,NetSource Naperville 2,"NetSource Communications, Inc.",1717 Park St.,60563,Naperville,378000.0,0.145,75.9
Chicago,NaviSite Oak Brook,"NaviSite, Inc.",800 Jorie Blvd,60523,Oak Brook,375000.0,0.158,61.5
Chicago,CyrusOne CHI3 - Building 1,CyrusOne Data Centers,2725 Bilter Rd,60502,Aurora,371000.0,0.14,72.6
Chicago,427 LaSalle,CoreSite,427 South LaSalle Street,60605,Chicago,409000.0,0.151,60.9
Chicago,CyrusOne CHI3 - Building 2,CyrusOne Data Centers,2725 Bilter Rd,60502,Aurora,371000.0,0.14,72.6
Chicago,Sinch Data Center,Sinch,717 S Wells St,60607,Chicago,402000.0,0.155,69.6
Chicago,Lumen 350 E Cermak,Lumen,350 E Cermark Road,60616,Chicago,473000.0,0.155,72.8
Chicago,Lumen Chicago,Lumen,111 N Canal St,60606,Chicago,337000.0,0.154,75.6
Chicago,Synoptek - Chicago Data Center,Synoptek,350 East Cermak Road,60616,Chicago,473000.0,0.155,72.8
Chicago,360 East 22nd Street,360E 22nd LLC,360 East 22nd Street,60148,Lombard,434000.0,0.153,71.0
Chicago,NaviSite Chicago,"NaviSite, Inc.",725 S Wells,60610,Chicago,316000.0,0.154,62.2
Chicago,Meta DeKalb - Building 6,Meta,1550 Metaverse Wy,60115,DeKalb,385000.0,0.141,63.7
Chicago,Lumen Broadview 1,Lumen,2101 Roberts Drive,60155,Broadview,405000.0,0.148,74.1
Chicago,Meta DeKalb - Building 2,Meta,2050 Metaverse Wy,60115,DeKalb,385000.0,0.141,63.7
Chicago,Lumen Chicago 4,Lumen,600 West Chicago Ave.,60610,Chicago,316000.0,0.154,62.2
Chicago,Meta DeKalb - Building 3,Meta,1750 Metaverse Wy,60115,DeKalb,385000.0,0.141,63.7
Chicago,Meta DeKalb - Building 4,Meta,1750 Metaverse Wy,60115,DeKalb,385000.0,0.141,63.7
Chicago,Meta DeKalb - Building 1,Meta,2050 Metaverse Wy,60115,DeKalb,385000.0,0.141,63.7
Chicago,Lumen Arlington Heights 1,Lumen,"1305 E. Algonquin Avenue,",60005,Arlington Heights,385000.0,0.158,71.0
Chicago,Meta DeKalb - Building 5,Meta,1550 Metaverse Wy,60115,DeKalb,385000.0,0.141,63.7
Chicago,Lumen Chicago 5,Lumen,600 S. Federal,60605,Chicago,409000.0,0.151,60.9
Chicago,DLS Internet 216 Jackson,DLS Internet Services,216 West Jackson Blvd,60606,Chicago,337000.0,0.154,75.6
Chicago,Hostway Boeing Data Center,"Hostway Services, Inc",100 North Riverside Plaza,60606,Chicago,337000.0,0.154,75.6
Chicago,CBTS Lombard Data Center II,CBTS,564 Winter Lane,60148,Lombard,434000.0,0.153,71.0
Chicago,Lumen Chicago 2,Lumen,900 N. Kingsbury Street,60610,Chicago,316000.0,0.154,62.2
Houston,TRG Houston One HOU1,TRG Datacenters,2626 Spring Cypress Road,77388,Spring,316000.0,0.142,61.7
Houston,TRG Houston Two HOU2,TRG Datacenters,2626 Spring Cypress Rd,77388,Spring,316000.0,0.142,61.7
Houston,TRG Houston Campus,TRG Datacenters,2626 Spring Cypress Rd,77388,Spring,316000.0,0.142,61.7
Houston,12235 North Fwy (IAH14),Digital Realty,12235 North Fwy,77060,Houston,391000.0,0.135,56.7
Houston,12231 North Fwy (IAH13),Digital Realty,12231 North Fwy,77060,Houston,391000.0,0.135,56.7
Houston,12061 North Freeway (IAH11),Digital Realty,12061 North Freeway,77060,Houston,391000.0,0.135,56.7
Houston,12001 North Fwy (IAH10),Digital Realty,12001 North Fwy,77060,Houston,391000.0,0.135,56.7
Houston,Digital Houston Campus,Digital Realty,12001-12245 North Fwy,77060,Houston,391000.0,0.135,56.7
Houston,Skybox Houston One,Skybox Datacenters,22000 Franz Road,77449,Houston,363000.0,0.125,60.8
Houston,EdgeConneX Houston,EdgeConneX,1510 Prime West Parkway,77449,Katy,363000.0,0.125,60.8
Houston,Netrality - 1301 Fannin,Netrality,1301 Fannin Street,77002,Houston,386000.0,0.121,53.5
Houston,1001 Texas Data Center,1001 Texas Data Center,1001 Texas Ave,77002,Houston,386000.0,0.121,53.5
Houston,Stream DC Houston I - The Woodlands,Stream Data Centers,4001 Technology Forest Blvd,77381,The Woodlands,336000.0,0.142,64.6
Houston,Lighthouse Data Center,PS Lightwave,3960 Braxton Dr,77063,Houston,331000.0,0.126,69.4
Houston,Data Foundry- Houston 2,Data Foundry,660 Greens Pkwy,77067,Houston,385000.0,0.121,61.8
Houston,DataBank HOU5 - Houston Galleria,DataBank,4201 Southwest Freeway,77027,Houston,353000.0,0.126,59.0
Houston,DataBank HOU1 - Westway Park I,DataBank,5150 Westway Park Blvd,77041,Houston,369000.0,0.124,59.7
Houston,Equinix HO1,Equinix,1515 Aldine Meadows Road,77032,Houston,340000.0,0.123,63.1
Houston,DataBank HOU3 - Westway Park III,DataBank,11003 Corporate Centre Dr,77041,Houston,369000.0,0.124,59.7
Houston,Cogent Data Center - Houston,"Cogent Communications, Inc.",12061 North Frwy,77060,Houston,391000.0,0.135,56.7
Houston,DataBank HOU2 - Westway Park II,DataBank,5170 Westway Park Blvd,77041,Houston,369000.0,0.124,59.7
Houston,Serverfarm Houston Data Center HTX2,Serverfarm,28401 Betka Rd,77447,Hockley,311000.0,0.134,60.1
Houston,Quasar Data Center,Quasar Data Center,1001 Texas Ave,77002,Houston,386000.0,0.121,53.5
Houston,Iozera Houston,Iozera,11631 Roark Rd,77031,Houston,312000.0,0.124,53.6
Houston,"FIBERTOWN - Houston, Texas",FIBERTOWN,12031 North Freeway,77067,Houston,385000.0,0.121,61.8
Houston,Crown Castle Houston (TX1),CROWN CASTLE,801 Louisiana St,77002,Houston,386000.0,0.121,53.5
Houston,Cogent Data Center - Houston 2,"Cogent Communications, Inc.",8902 Point Six Circle,77095,Houston,345000.0,0.128,57.7
Houston,Data Foundry - Houston 1,Data Foundry,5555 San Felipe,77056,Houston,340000.0,0.121,58.9
Houston,Dataprana La Marque,Dataprana,4995 Farm to Market Rd 1764,77568,La Marque,341000.0,0.126,68.9
Houston,LOGIX Houston #2,LOGIX FIBER NETWORKS,811 Louisiana St,77002,Houston,386000.0,0.121,53.5
Houston,Serverfarm Houston Data Center CTX2,Serverfarm,15555 Cutten Rd,77070,Houston,390000.0,0.126,62.7
Houston,Comcast Willis,Comcast,606 Texas State Highway 75,77378,Willis,418000.0,0.128,63.0
Houston,24 Hour Data Houston,24 Hour Data,723 Main St,77002,Houston,386000.0,0.121,53.5
Houston,Verizon Houston,Verizon Communications Inc.,2401 Portsmouth St,77098,Houston,380000.0,0.134,70.0
Houston,Lumen Houston 1,Lumen,12001 1-45 North,77003,Houston,349000.0,0.134,55.4
Houston,ECL TerraSite-TX1,EdgeCloudLink (ECL),within,"east of Houston, Texas",77028,411000.0,0.133,65.9
Houston,Energy Transfer Data Center,Energy Transfer,7210 Ardmore,77054,Houston,363000.0,0.13,61.3
Houston,Lumen Houston 3,Lumen,2300 Lyons Avenue,77020,Houston,378000.0,0.133,49.1
Houston,Crusoe Port of Victoria Campus,Crusoe Cloud,within,Port of Victoria,77905,411000.0,0.133,65.9
Houston,Project Aggie,Priority Power,Midtown Dr & Corporate Pkwy,77845,College Station,358000.0,0.133,54.9
Houston,LOGIX Houston #1,LOGIX FIBER NETWORKS,"1510 Primewest Parkway, Energy Corridor",77449,Katy,363000.0,0.125,60.8
Houston,LOGIX Houston #3,LOGIX FIBER NETWORKS,4635 Southwest Freeway,77027,Houston,353000.0,0.126,59.0
Houston,Hostrunway Houston,Hostrunway,10685-B Hazelhurst Dr. # 19283,77043,Houston,355000.0,0.14,68.5
Houston,Serverfarm Houston Data Center CTX1,Serverfarm,within,Houston,77070,411000.0,0.133,65.9
Houston,Serverfarm Houston Data Center HTX1,Serverfarm,within,North West of Houston,7747,411000.0,0.133,65.9
Houston,IBM HOU00,IBM,835 Greens Parkway,77002,Houston,386000.0,0.121,53.5
Houston,Evocative - INAP Houston,Evocative Data Centers,1301 Fannin St,77022,Houston,357000.0,0.127,51.5
Houston,Project Aggie - Building 2,Priority Power,Midtown Dr & Corporate Pkwy,77845,College Station,358000.0,0.133,54.9
Houston,IBM HOU04,IBM,315 Capitol St,77002,Houston,386000.0,0.121,53.5
Houston,"Lumen, 3939 Corporate Dr",Lumen,5959 Coprporate Drive,77036,Houston,327000.0,0.134,64.9
Houston,Project Aggie - Building 1,Priority Power,Midtown Dr & Corporate Pkwy,77845,College Station,358000.0,0.133,54.9
Houston,IBM HOU01,IBM,390 Benmar Drive,77060,Houston,391000.0,0.135,56.7
Houston,CyrusOne HOU3 - Houston,CyrusOne Data Centers,11003 Corporate Centre Dr,77041,Houston,369000.0,0.124,59.7
Houston,CyrusOne HOU4 - Houston,CyrusOne Data Centers,5160 Westway Park Blvd,77041,Houston,369000.0,0.124,59.7
Houston,"Lumen, 1124 Hardy Rd",Lumen,1124 Hardy Rd,77020,Houston,378000.0,0.133,49.1
Houston,IBM HOU02,IBM,855 Greens Parkway,77067,Houston,385000.0,0.121,61.8
Houston,Lumen Houston 2,Lumen,7060 Empire Central Dr,77040,Houston,375000.0,0.133,54.0
Houston,NaviSite Houston,"NaviSite, Inc.",1301 Fannin Street,77002,Houston,386000.0,0.121,53.5
Houston,TeleSource IDC,TeleSource Communications Inc.,1301 Fannin St,77002,Houston,386000.0,0.121,53.5
Phoenix,2121 S. Price Road (PHX15),Digital Realty,2121 S. Price Road,85286,Chandler,416000.0,0.166,75.7
Phoenix,120 East Van Buren St (PHX10),Digital Realty,120 East Van Buren Street,85004,Phoenix,395000.0,0.154,76.0
Phoenix,Flexential Phoenix - Deer Valley Data Center,Flexential,1850 W. Deer Valley Rd,85027,Phoenix,440000.0,0.163,76.5
Phoenix,Iron Mountain Data Centers AZS-1,Iron Mountain Data Centers,8521 E Princess Drive,85255,Scottsdale,472000.0,0.168,64.9
Phoenix,H5 Data Centers Phoenix,H5 Data Centers,2600 W. Germann Rd.,85286,Chandler,416000.0,0.166,75.7
Phoenix,CyrusOne Phoenix Campus,CyrusOne Data Centers,2335 South Ellis St,85286,Chandler,416000.0,0.166,75.7
Phoenix,GDC - Phoenix PH1 Data Center,"NTT DATA, Inc.",10256 E Elliot Rd,85212,Mesa,473000.0,0.162,79.1
Phoenix,US Signal Phoenix AZ01,"US Signal Company, LLC",1655 W Sunrise Blvd,85233,Gilbert,488000.0,0.157,71.0
Phoenix,Iron Mountain Data Centers AZP-1,Iron Mountain Data Centers,615 North 48th Street,85008,Phoenix,485000.0,0.171,67.5
Phoenix,PhoenixNAP East University,PhoenixNAP,3402 E University Dr,85034,Phoenix,475000.0,0.158,70.0
Phoenix,Iron Mountain Data Centers AZP-2,Iron Mountain Data Centers,4802 East Van Buren Street,85008,Phoenix,485000.0,0.171,67.5
Phoenix,Centersquare - Phoenix PHX3-A,Csquare,1301 W University Drive,85201,Mesa,455000.0,0.151,73.1
Phoenix,Comarch Mesa,Comarch,3223 S Ellsworth Rd,85212,Mesa,473000.0,0.162,79.1
Phoenix,Prime Phoenix Data Center Campus,Prime Data Centers,11753 W Lower Buckeye Rd,85353,Avondale,378000.0,0.175,67.1
Phoenix,Prime Phoenix - Building 4,Prime Data Centers,11753 W. Lower Buckeye #4,85323,Avondale,408000.0,0.166,77.0
Phoenix,Prime Phoenix - Building 1,Prime Data Centers,11753 W. Lower Buckeye #1,85323,Avondale,408000.0,0.166,77.0
Phoenix,EdgeConneX Phoenix - EDCPHX01,EdgeConneX,3011 S. 52nd St,85282,Tempe,409000.0,0.147,69.5
Phoenix,Prime Phoenix - Building 2,Prime Data Centers,11753 W. Lower Buckeye #2,85323,Avondale,408000.0,0.166,77.0
Phoenix,Prime Phoenix - Building 3,Prime Data Centers,11753 W. Lower Buckeye #3,85323,Avondale,408000.0,0.166,77.0
Phoenix,Prime Phoenix - Building 5,Prime Data Centers,11753 W. Lower Buckeye #5,85323,Avondale,408000.0,0.166,77.0
Phoenix,CyrusOne PHX3 - Chandler,CyrusOne Data Centers,2305 South Ellis St.,85286,Chandler,416000.0,0.166,75.7
Phoenix,LightEdge - Phoenix,LightEdge,120 East Van Buren,85004,Phoenix,395000.0,0.154,76.0
Phoenix,Aligned PHX01,Aligned Data Centers,2500 West Union Hills,85027,Phoenix,440000.0,0.163,76.5
Phoenix,CyrusOne PHX1 - Chandler,CyrusOne Data Centers,2335 South Ellis St.,85286,Chandler,416000.0,0.166,75.7
Phoenix,LexisNexis Scottsdale,LexisNexis,8521 E Princess Dr,85255,Scottsdale,472000.0,0.168,64.9
Phoenix,"Stream DC Phoenix I - VI , Goodyear Campus",Stream Data Centers,2950 S. Litchfield Road,85338,Goodyear,450000.0,0.154,76.9
Phoenix,Centersquare - Phoenix PHX1-A,Csquare,615 N 48th St,85008,Phoenix,485000.0,0.171,67.5
Phoenix,11:11 Systems Scottsdale,11:11 Systems,7499 E Paradise Ln,85260,Scottsdale,458000.0,0.153,69.9
Phoenix,Evocative PHX1,Evocative Data Centers,2500 W Union Hills Drive,85048,Phoenix,430000.0,0.161,77.9
Phoenix,CyrusOne PHX2 - Chandler,CyrusOne Data Centers,2305 South Ellis St.,85286,Chandler,416000.0,0.166,75.7
Phoenix,CyrusOne PHX4 - Chandler,CyrusOne Data Centers,2495 South Ellis St.,85286,Chandler,416000.0,0.166,75.7
Phoenix,CyrusOne PHX5 - Chandler,CyrusOne Data Centers,2405 South Ellis St.,85286,Chandler,416000.0,0.166,75.7
Phoenix,CyrusOne PHX6 - Chandler,CyrusOne Data Centers,2605 South Ellis St.,85286,Chandler,416000.0,0.166,75.7
Phoenix,EdgeCore Phoenix Campus,EdgeCore,3856 S Everton Terrace,85212,Mesa,473000.0,0.162,79.1
Phoenix,Edged Phoenix,Edged Energy,8811 E Warner Rd,85296,Gilbert,403000.0,0.162,72.3
Phoenix,DCX Goodyear,DCX,16422 W Commerce Dr,85338,Goodyear,450000.0,0.154,76.9
Phoenix,CyrusOne PHX7 - Chandler,CyrusOne Data Centers,2705 South Ellis St.,85286,Chandler,416000.0,0.166,75.7
Phoenix,Centersquare - Phoenix PHX2-A,Csquare,2055 E Technology Cir,85284,Tempe,493000.0,0.164,67.5
Phoenix,Cogent Data Center - Phoenix,"Cogent Communications, Inc.",3410 E. University Drive,85034,Phoenix,475000.0,0.158,70.0
Phoenix,DataBank PHX1 - Downtown Phoenix,DataBank,3110 N Central St,85012,Phoenix,493000.0,0.166,79.7
Phoenix,Southwest Crossing Data Center Campus,"Ryan Companies US, Inc.",W Houser Rd,85131,Eloy,429000.0,0.16,68.6
Phoenix,Cogent Data Center - Phoenix 2,"Cogent Communications, Inc.",1530 E Roeser Rd,85040,Phoenix,445000.0,0.149,71.7
Phoenix,Omnis Data Center,Omnis Network,1005 W Geneva Dr,85282,Tempe,409000.0,0.147,69.5
Phoenix,Compass Goodyear Campus,Compass Datacenters,850 S Bullard Ave,85338,Goodyear,450000.0,0.154,76.9
Phoenix,EdgeCore PH03,EdgeCore,3856 S Everton Terrace,85212,Mesa,473000.0,0.162,79.1
Phoenix,EdgeCore PH01,EdgeCore,3856 S Everton Terrace,85212,Mesa,473000.0,0.162,79.1
Phoenix,Novva Mesa,Novva,S Ellsworth Rd & E Warner Rd,85212,Mesa,473000.0,0.162,79.1
Phoenix,EdgeCore PH02,EdgeCore,3856 S Everton Terrace,85212,Mesa,473000.0,0.162,79.1
Phoenix,CyrusOne PHX8 - Chandler,CyrusOne Data Centers,2705 South Ellis St.,85286,Chandler,416000.0,0.166,75.7
Phoenix,DataBank PHX2 - Phoenix Sky Harbor,DataBank,615 North 48th Street,85008,Phoenix,485000.0,0.171,67.5
Phoenix,2500 W Frye Rd,Lincoln Property Company,2500 W Frye Rd,85224,Chandler,424000.0,0.159,81.2
Phoenix,5CDC Phoenix - PHX01,5C Group Inc.,within,"Phoenix, Arizona",TBA,514000.0,0.163,79.0
Phoenix,PhoenixNAP West University,PhoenixNAP,2353 W University Dr,85281,Tempe,474000.0,0.141,72.6
Phoenix,ColoBarn Phoenix Data Center,ColoBarn,8905 S Beck Ave,85284,Tempe,493000.0,0.164,67.5
Phoenix,QTS Phoenix-Van Buren,QTS Data Centers,120 East Van Buren Street,85004,Phoenix,395000.0,0.154,76.0
Phoenix,EdgeCore PH04,EdgeCore,3856 S Everton Terrace,85212,Mesa,473000.0,0.162,79.1
Phoenix,Buckeye Tech Corridor,Tract,W Yuma Rd & S Johnson Rd,85396,Buckeye,466000.0,0.152,71.3
Phoenix,Microsoft Goodyear Airpark Campus,Microsoft,W Broadway Rd,85338,Goodyear,450000.0,0.154,76.9
Phoenix,Microsoft Goodyear (PHX70),Microsoft,3785 N Citrus Rd,85395,Goodyear,467000.0,0.168,79.6
Phoenix,PhoenixNAP East Elwood,PhoenixNAP,3221 E Elwood St,85034,Phoenix,475000.0,0.158,70.0
Phoenix,EdgeCore PH05,EdgeCore,3856 S Everton Terrace,85212,Mesa,473000.0,0.162,79.1
Phoenix,Microsoft Goodyear Campus,Microsoft,3785 N Citrus Rd,85395,Goodyear,467000.0,0.168,79.6
Phoenix,Microsoft El Mirage Campus,Microsoft,12901 W Olive Ave,85335,El Mirage,456000.0,0.156,73.2
Phoenix,Microsoft GoodyearAirpark (PHX10),Microsoft,W Broadway Rd,85338,Goodyear,450000.0,0.154,76.9
Phoenix,Expedient Phoenix,Expedient Data Centers,2475 W Townley Ave,85021,Phoenix,480000.0,0.163,67.9
Phoenix,Iron Mountain Data Centers AZP-3,Iron Mountain Data Centers,1110 N 52nd St,85008,Phoenix,485000.0,0.171,67.5
Phoenix,QTS Phoenix Campus,QTS Data Centers,1200 40th Street,85008,Phoenix,485000.0,0.171,67.5
Phoenix,CGI Phoenix Data Center,CGI,within,15 km from downtown,85044,514000.0,0.163,79.0
Phoenix,Liquid Web Phoenix,Liquid Web,7025 N Scottsdale Rd,85253,Scottsdale,494000.0,0.158,75.9
Phoenix,Vantage Phoenix Campus (AZ1),Vantage Data Centers,45 S Bullard Ave,85338,Goodyear,450000.0,0.154,76.9
Phoenix,Southwest Crossing Data Center 2,"Ryan Companies US, Inc.",W Houser Rd,85131,Eloy,429000.0,0.16,68.6
Phoenix,Southwest Crossing Data Center 1,"Ryan Companies US, Inc.",W Houser Rd,85131,Eloy,429000.0,0.16,68.6
Phoenix,Southwest Crossing Data Center 3,"Ryan Companies US, Inc.",W Houser Rd,85131,Eloy,429000.0,0.16,68.6
Phoenix,ClearData Data Center,Cleardata Networks,4250 E Camelback Rd,85018,Phoenix,420000.0,0.155,69.9
Phoenix,Hostrunway Phoenix,Hostrunway,2600 W Germann Rd Chandler,AZ 85286,Phoenix,514000.0,0.163,79.0
Phoenix,NexusTek Data Center,NexusTek,1919 W Lone Cactus Dr,85027,Phoenix,440000.0,0.163,76.5
Phoenix,Apple Mesa Data Center,Apple,3740 S Signal Butte Road,85212,Mesa,473000.0,0.162,79.1
Phoenix,Microsoft Goodyear (PHX71),Microsoft,3785 N Citrus Rd,85395,Goodyear,467000.0,0.168,79.6
Phoenix,QTS Avondale,QTS Data Centers,S Avondale Blvd & W Lower Buckeye Rd,85353,Avondale,378000.0,0.175,67.1
Phoenix,Microsoft El Mirage (PHX80),Microsoft,12901 W Olive Ave,85335,El Mirage,456000.0,0.156,73.2
Phoenix,Aligned PHX07,Aligned Data Centers,8785 N Reems Rd,85355,Waddell,419000.0,0.164,66.0
Phoenix,NTT Mesa Campus,"NTT DATA, Inc.",E Pecos Rd & S Crismon Rd,85212,Mesa,473000.0,0.162,79.1
Phoenix,Vermaland Pinal County,Vermaland,E Sasco Rd,85131,Eloy,429000.0,0.16,68.6
Phoenix,Lumen Phoenix 3,Lumen,801 South 16th Street,85034,Phoenix,475000.0,0.158,70.0
Phoenix,QTS Glendale,QTS Data Centers,4001 N 159th Ave,85305,Glendale,421000.0,0.149,67.2
Phoenix,Microsoft Goodyear Airpark (PHX13),Microsoft,W Broadway Rd,85338,Goodyear,450000.0,0.154,76.9
Phoenix,Aligned - Peoria Logistics Park,Aligned Data Centers,"Peoria Logistics Park, N 75th Ave & W Northern Ave",85345,Peoria,440000.0,0.168,69.6
Phoenix,Meta Mesa Campus,Meta,3841 S Ellsworth Rd,85212,Mesa,473000.0,0.162,79.1
Phoenix,Compass Goodyear - Building 1,Compass Datacenters,850 S Bullard Ave,85338,Goodyear,450000.0,0.154,76.9
Phoenix,Microsoft El Mirage (PHX83),Microsoft,12901 W Olive Ave,85335,El Mirage,456000.0,0.156,73.2
Phoenix,Phoenix Internet,Phoenix Internet,2922 W Clarendon Ave,85017,Phoenix,463000.0,0.157,66.4
Phoenix,Pinal Airpark Road,Beale Infrastructure,E Pinal Airpark Rd & I-10,85653,Marana,390000.0,0.161,80.5
Phoenix,Microsoft Goodyear Airpark (PHX11),Microsoft,W Broadway Rd,85338,Goodyear,450000.0,0.154,76.9
Phoenix,Aligned PHX08,Aligned Data Centers,3202 W Behrend Dr,85027,Chandler,440000.0,0.163,76.5
Phoenix,Aligned PHX09,Aligned Data Centers,3151 W Behrend Dr,85027,Chandler,440000.0,0.163,76.5
Phoenix,Compass Goodyear - Building 3,Compass Datacenters,850 S Bullard Ave,85338,Goodyear,450000.0,0.154,76.9
Phoenix,Microsoft Goodyear Airpark (PHX15),Microsoft,W Broadway Rd,85338,Goodyear,450000.0,0.154,76.9
Phoenix,Microsoft El Mirage (PHX81),Microsoft,12901 W Olive Ave,85335,El Mirage,456000.0,0.156,73.2
Phoenix,Hassayampa Ranch,Arizona Land Consulting (ALC),"Hassayampa Ranch, Tonopah Salome Hwy",85354,Buckeye,447000.0,0.151,57.0
Phoenix,Aligned PHX06,Aligned Data Centers,2500 S Price Rd,85286,Chandler,416000.0,0.166,75.7
Phoenix,Microsoft Goodyear Airpark (PHX14),Microsoft,W Broadway Rd,85338,Goodyear,450000.0,0.154,76.9
Phoenix,Aligned PHX13,Aligned Data Centers,8805 N Reems Rd,85355,Waddell,419000.0,0.164,66.0
Phoenix,Aligned PHX14,Aligned Data Centers,8805 N Reems Rd,85355,Waddell,419000.0,0.164,66.0
Phoenix,Aligned PHX04,Aligned Data Centers,S Price Rd & W Innovation St,85286,Chandler,416000.0,0.166,75.7
Phoenix,Aligned PHX12,Aligned Data Centers,8805 N Reems Rd,85355,Waddell,419000.0,0.164,66.0
Phoenix,Amazon AWS - Loop 202 & Dobbins Road,Amazon AWS,Loop 202 and W Dobbins Road,85339,Laveen,481000.0,0.155,73.5
Phoenix,Johnson Road and Southern Avenue,Arizona Land Consulting (ALC),W Southern Ave & S Johnson Rd,85326,Buckeye,474000.0,0.163,66.2
Phoenix,Microsoft Goodyear Airpark (PHX12),Microsoft,W Broadway Rd,85338,Goodyear,450000.0,0.154,76.9
Phoenix,Windstream Phoenix,Windstream,1710 E Grant St,85034,Phoenix,475000.0,0.158,70.0
Phoenix,Microsoft El Mirage (PHX82),Microsoft,12901 W Olive Ave,85335,El Mirage,456000.0,0.156,73.2
Phoenix,Compass Goodyear - Building 2,Compass Datacenters,850 S Bullard Ave,85338,Goodyear,450000.0,0.154,76.9
Phoenix,Compass PHX II Campus,Compass Datacenters,W Peoria Ave & N El Mirage Rd,85335,El Mirage,456000.0,0.156,73.2
Phoenix,Compass PHX II - Building 1,Compass Datacenters,W Peoria Ave & N El Mirage Rd,85335,El Mirage,456000.0,0.156,73.2
Phoenix,Compass PHX II - Building 2,Compass Datacenters,W Peoria Ave & N El Mirage Rd,85335,El Mirage,456000.0,0.156,73.2
Phoenix,Compass PHX II - Building 3,Compass Datacenters,W Peoria Ave & N El Mirage Rd,85335,El Mirage,456000.0,0.156,73.2
Phoenix,HBS Phoenix,Heartland Business System,10201 S 51st St,85044,Phoenix,451000.0,0.153,56.7
Phoenix,ColoHouse Phoenix,ColoHouse,2335 South Ellis Street,85286,Chandler,416000.0,0.166,75.7
Phoenix,Vantage AZ14 - Phoenix,Vantage Data Centers,45 S Bullard Ave,85338,Goodyear,450000.0,0.154,76.9
Phoenix,EdgeCore Florence Tech Park - Building 7,EdgeCore,E Arizona Farms Rd & N Attaway Rd,85143,Florence,452000.0,0.16,83.1
Phoenix,Vantage AZ15 - Phoenix,Vantage Data Centers,45 S Bullard Ave,85338,Goodyear,450000.0,0.154,76.9
Phoenix,EdgeCore Florence Tech Park - Building 5,EdgeCore,E Arizona Farms Rd & N Attaway Rd,85143,Florence,452000.0,0.16,83.1
Phoenix,EdgeCore Florence Tech Park - Building 1,EdgeCore,E Arizona Farms Rd & N Attaway Rd,85143,Florence,452000.0,0.16,83.1
Phoenix,EdgeCore Florence Tech Park - Building 2,EdgeCore,E Arizona Farms Rd & N Attaway Rd,85143,Florence,452000.0,0.16,83.1
Phoenix,EdgeCore Florence Tech Park,EdgeCore,E Arizona Farms Rd & N Attaway Rd,85143,Florence,452000.0,0.16,83.1
Phoenix,EdgeCore Florence Tech Park - Building 9,EdgeCore,E Arizona Farms Rd & N Attaway Rd,85143,Florence,452000.0,0.16,83.1
Phoenix,EdgeCore Florence Tech Park - Building 3,EdgeCore,E Arizona Farms Rd & N Attaway Rd,85143,Florence,452000.0,0.16,83.1
Phoenix,EdgeCore Florence Tech Park - Building 10,EdgeCore,E Arizona Farms Rd & N Attaway Rd,85143,Florence,452000.0,0.16,83.1
Phoenix,EdgeCore Florence Tech Park - Building 8,EdgeCore,E Arizona Farms Rd & N Attaway Rd,85143,Florence,452000.0,0.16,83.1
Phoenix,EdgeCore Florence Tech Park - Building 4,EdgeCore,E Arizona Farms Rd & N Attaway Rd,85143,Florence,452000.0,0.16,83.1
Phoenix,EdgeCore Florence Tech Park - Building 6,EdgeCore,E Arizona Farms Rd & N Attaway Rd,85143,Florence,452000.0,0.16,83.1
Phoenix,Google Mesa Campus,Google,E Elliot Rd & S Sossaman Rd,85212,Mesa,473000.0,0.162,79.1
Phoenix,AT&T Mesa,AT&T,1355 W University Drive,85201,Mesa,455000.0,0.151,73.1
Phoenix,STACK Infrastructure PHX01C,STACK INFRASTRUCTURE,W Lower Buckeye Rd & S Litchfield Rd,85323,Avondale,408000.0,0.166,77.0
Phoenix,Google Mesa - Phase 1,Google,E Elliot Rd & S Sossaman Rd,85212,Mesa,473000.0,0.162,79.1
Phoenix,Meta Mesa - Building 5,Meta,3841 S Ellsworth Rd,85212,Mesa,473000.0,0.162,79.1
Phoenix,Lumen Phoenix 2,Lumen,17 E. Virginia Ave,85004,Phoenix,395000.0,0.154,76.0
Phoenix,Vantage AZ13 - Phoenix,Vantage Data Centers,45 S Bullard Ave,85338,Goodyear,450000.0,0.154,76.9
Phoenix,Google Mesa - Phase 2,Google,E Elliot Rd & S Sossaman Rd,85212,Mesa,473000.0,0.162,79.1
Phoenix,Meta Mesa - Building 1,Meta,3841 S Ellsworth Rd,85212,Mesa,473000.0,0.162,79.1
Phoenix,Meta Mesa - Building 4,Meta,3841 S Ellsworth Rd,85212,Mesa,473000.0,0.162,79.1
Phoenix,Vantage AZ11 - Phoenix,Vantage Data Centers,45 S Bullard Ave,85338,Goodyear,450000.0,0.154,76.9
Phoenix,Vantage AZ12 - Phoenix,Vantage Data Centers,45 S Bullard Ave,85338,Goodyear,450000.0,0.154,76.9
Phoenix,Meta Mesa - Building 2,Meta,3841 S Ellsworth Rd,85212,Mesa,473000.0,0.162,79.1
Phoenix,Meta Mesa - Building 3,Meta,3841 S Ellsworth Rd,85212,Mesa,473000.0,0.162,79.1
Phoenix,STACK Infrastructure PHX01B,STACK INFRASTRUCTURE,W Lower Buckeye Rd & S Litchfield Rd,85323,Avondale,408000.0,0.166,77.0
Phoenix,STACK Infrastructure PHX01A,STACK INFRASTRUCTURE,W Lower Buckeye Rd & S Litchfield Rd,85323,Avondale,408000.0,0.166,77.0
Phoenix,Lumen Phoenix 1,Lumen,811 South 16th Street,85034,Phoenix,475000.0,0.158,70.0
Phoenix,Google Mesa - Phase 3,Google,E Elliot Rd & S Sossaman Rd,85212,Mesa,473000.0,0.162,79.1
Phoenix,Menlo Digital MD-PX1 (Phoenix),Menlo Digital,4801-4811 E Thistle Landing Dr,85044,Phoenix,451000.0,0.153,56.7
Phoenix,Lumen Phoenix 4,Lumen,3220 N 3rd St,85012,Phoenix,493000.0,0.166,79.7
Phoenix,Menlo Digital MD-PX1 - Building 3,Menlo Digital,4801-4811 E Thistle Landing Dr,85044,Phoenix,451000.0,0.153,56.7
Phoenix,Menlo Digital MD-PX1 - Building 4,Menlo Digital,4801-4811 E Thistle Landing Dr,85044,Phoenix,451000.0,0.153,56.7
Phoenix,Menlo Digital MD-PX1 - Building 2,Menlo Digital,4801-4811 E Thistle Landing Dr,85044,Phoenix,451000.0,0.153,56.7
Phoenix,Menlo Digital MD-PX1 - Building 5,Menlo Digital,4801-4811 E Thistle Landing Dr,85044,Phoenix,451000.0,0.153,56.7
Phoenix,Menlo Digital MD-PX1 - Building 1,Menlo Digital,4801-4811 E Thistle Landing Dr,85044,Phoenix,451000.0,0.153,56.7
Philadelphia,Flexential Phiadelphia - Collegeville Data Center,Flexential,101 Troutman Rd,19426,Collegeville,342000.0,0.18,77.6
Philadelphia,Netrality - 401 N Broad,Netrality,401 N Broad,19106,Philadelphia,431000.0,0.176,83.8
Philadelphia,TierPoint Lehigh Valley,TierPoint,3949 Schelden Circle,18017,Bethlehem,422000.0,0.18,84.7
Philadelphia,TierPoint Philadelphia- Navy Yard,TierPoint,4775 League Island Boulevard,Philadelphia,Pennsylvania,434000.0,0.173,82.3
Philadelphia,Colocation America PHILLYDC2,Colocation America,1000 Adams Ave,19403,Eagleville,357000.0,0.169,64.8
Philadelphia,DataBank PHL1 - Downtown Philadelphia,DataBank,401 N Broad St,19108,Philadelphia,356000.0,0.154,84.4
Philadelphia,Keystone NAP,Keystone NAP,150 Solar Dr,19030,Fairless Hills,365000.0,0.158,91.0
Philadelphia,365 Data Centers - Philadelphia (University City),365 Data Centers,3701 Market St,19104,Philadelphia,345000.0,0.176,73.2
Philadelphia,Equinix PH1,Equinix,401 North Broad Street,19123,Philadelphia,338000.0,0.161,73.5
Philadelphia,H5 Data Centers Philadelphia,H5 Data Centers,1500 Spring Garden St,19130,Philadelphia,417000.0,0.153,85.9
Philadelphia,365 Data Centers - Philadelphia (Downtown),365 Data Centers,1500 Spring Garden St,19130,Philadelphia,417000.0,0.153,85.9
Philadelphia,TrueNet,TrueNet,24 Hagerty Blvd,19382,West Chester,376000.0,0.17,77.5
Philadelphia,11:11 Systems Philadelphia,11:11 Systems,401 N Broad Street,19108,Philadelphia,356000.0,0.154,84.4
Philadelphia,DaSTOR King of Prussia I,"DaSTOR, LLC",411 Swedeland Rd,19406,King of Prussia,366000.0,0.18,70.6
Philadelphia,DaSTOR King of Prussia II,"DaSTOR, LLC",3400 Horizon Dr.,19406,King of Prussia,366000.0,0.18,70.6
Philadelphia,Comcast Moorestown,Comcast,650 Centerton Rd,08057,Moorestown,388000.0,0.163,78.4
Philadelphia,Crown Castle Philadelphia (PA1),CROWN CASTLE,401 N Broad St,19108,Philadelphia,356000.0,0.154,84.4
Philadelphia,Crown Castle Philadelphia (PA2),CROWN CASTLE,1309 Noble St,19123,Philadelphia,338000.0,0.161,73.5
Philadelphia,Unisecure Philadelphia DC,Unisecure Data Centers,2401 Locust St,19103,Philadelphia,399000.0,0.18,72.0
Philadelphia,Colocation America PHILLYDC3,Colocation America,3949 Schelden Cir,18017,Bethlehem,422000.0,0.18,84.7
Philadelphia,Windstream New York,Windstream,401 N Broad Street,19123,New York,338000.0,0.161,73.5
Philadelphia,Unisecure Conshohocken DC,Unisecure Data Centers,555 E North Ln,19428,Conshohocken,363000.0,0.185,73.6
Philadelphia,1547 Chester County PA,1547 Critical Systems Realty,N Malvern Hunt Way & Swedesford Rd,19355,Malvern,360000.0,0.162,78.7
Philadelphia,ColoHouse Philadelphia,ColoHouse,2401 Locust Street,19103,Philadelphia,399000.0,0.18,72.0
Philadelphia,Digital Edge Philly,Digital Edge,401 N Broad Street,19123,Philadelphia,338000.0,0.161,73.5
Philadelphia,Comcast West Chester,Comcast,1354 E Boot Rd,19380,West Chester,379000.0,0.169,69.2
Philadelphia,Colocation America PHILLYDC1,Colocation America,9999 Hamilton Blvd,18031,Breinigsville,412000.0,0.179,74.5
Philadelphia,York  Energy Center DC,Calpine Corporation,1055 Pikes Peak Rd,17314,Delta,420000.0,0.156,75.4
Philadelphia,Keystone Trade Center,NorthPoint Development,700 S Port Rd,19030,Fairless Hills,365000.0,0.158,91.0
Philadelphia,LightWave Networks,"LightWave Networks, Inc",401 North Broad St,19108,Philadelphia,356000.0,0.154,84.4
Philadelphia,Pennhurst Data Center Campus,Unknown Company,1205 Commonwealth Dr,19475,Spring City,372000.0,0.175,81.5
Philadelphia,Lumen Philadelphia 1,Lumen,401 N Broad Street,19123,Philadelphia,338000.0,0.161,73.5
Philadelphia,Project Laurel - Building 2,Unknown Company,Evergreen Rd & Sanatoga Rd,19464,Pottstown,352000.0,0.169,79.4
Philadelphia,Project Laurel Campus,Unknown Company,Sanatoga Rd / Evergreen Rd / Possum Hollow Rd / Lightcap Rd,19464,Pottstown,352000.0,0.169,79.4
Philadelphia,Project Laurel - Building 7,Unknown Company,Lightcap Rd,19464,Pottstown,352000.0,0.169,79.4
Philadelphia,Project Laurel - Building 6,Unknown Company,Lightcap Rd,19464,Pottstown,352000.0,0.169,79.4
Philadelphia,Project Laurel - Building 3,Unknown Company,Sanatoga Rd,19464,Pottstown,352000.0,0.169,79.4
Philadelphia,Project Laurel - Building 1,Unknown Company,Evergreen Rd,19464,Pottstown,352000.0,0.169,79.4
Philadelphia,Project Laurel - Building 8,Unknown Company,Lightcap Rd & Possum Hollow Rd,19464,Pottstown,352000.0,0.169,79.4
Philadelphia,Project Laurel - Building 5,Unknown Company,Lightcap Rd,19464,Pottstown,352000.0,0.169,79.4
Philadelphia,Project Laurel - Building 4,Unknown Company,Sanatoga Rd,19464,Pottstown,352000.0,0.169,79.4
Philadelphia,Lumen Philadelphia 2,Lumen,701 Market Street,19106,Philadelphia,431000.0,0.176,83.8
Philadelphia,Lumen Philadelphia 3,Lumen,3020 Market Street,19104,Philadelphia,345000.0,0.176,73.2
San Antonio,CyrusOne SAT1 - San Antonio,CyrusOne Data Centers,9999 Westover Hills Blvd,78251,San Antonio,309000.0,0.123,58.4
San Antonio,CyrusOne SAT2 - San Antonio,CyrusOne Data Centers,9554 Westover Hills Blvd,78251,San Antonio,309000.0,0.123,58.4
San Antonio,CyrusOne SAT5 - San Antonio,CyrusOne Data Centers,14719 Omicron Dr.,78245,San Antonio,296000.0,0.111,50.3
San Antonio,SATC Colo,SATC Colo,3463 Magic Drive,78229,San Antonio,324000.0,0.128,53.4
San Antonio,H5 Data Centers San Antonio,H5 Data Centers,100 Taylor St.,78205,San Antonio,367000.0,0.126,65.2
San Antonio,Stream DC San Antonio II - Westover Hills,Stream Data Centers,9550 Westover Hills Blvd,78251,San Antonio,309000.0,0.123,58.4
San Antonio,Vantage TX12 - San Antonio,Vantage Data Centers,17420 Omicron Dr,78245,San Antonio,296000.0,0.111,50.3
San Antonio,Vantage TX11 - San Antonio,Vantage Data Centers,14720 Omicron Dr,78245,San Antonio,296000.0,0.111,50.3
San Antonio,CloudHQ SAT Campus,CloudHQ,15255 Lambda Dr,78245,San Antonio,296000.0,0.111,50.3
San Antonio,Microsoft Texas Research Park (TRP1),Microsoft,15000 Lambda Dr,78245,San Antonio,296000.0,0.111,50.3
San Antonio,Microsoft Texas Research Park (TRP2),Microsoft,15000 Lambda Dr,78245,San Antonio,296000.0,0.111,50.3
San Antonio,CityNAP,CityNAP,415 N Main Ave,78205,San Antonio,367000.0,0.126,65.2
San Antonio,San Antonio Data Center,"Five 9s Digital, LLC",8500 Vicar Drive,78218,San Antonio,311000.0,0.121,68.3
San Antonio,CloudHQ SAT5,CloudHQ,15255 Lambda Dr,78245,San Antonio,296000.0,0.111,50.3
San Antonio,CloudHQ SAT1,CloudHQ,15255 Lambda Dr,78245,San Antonio,296000.0,0.111,50.3
San Antonio,CloudHQ SAT3,CloudHQ,15255 Lambda Dr,78245,San Antonio,296000.0,0.111,50.3
San Antonio,CloudHQ SAT4,CloudHQ,15255 Lambda Dr,78245,San Antonio,296000.0,0.111,50.3
San Antonio,Stream DC San Antonio III,Stream Data Centers,11203 W Military Drive,78253,San Antonio,296000.0,0.116,56.7
San Antonio,American Tower EDC San Antonio,American Tower Corporation,5436 W US Hwy 90,78219,San Antonio,310000.0,0.11,53.1
San Antonio,CloudHQ SAT2,CloudHQ,15255 Lambda Dr,78245,San Antonio,296000.0,0.111,50.3
San Antonio,Microsoft Texas Research Park,Microsoft,15000 Lambda Dr,78245,San Antonio,296000.0,0.111,50.3
San Antonio,Rowan Cinco,Rowan Digital Infrastructure,TX-132 & Co Rd 683,78052,Lytle,387000.0,0.128,62.4
San Antonio,Vantage TX22 - San Antonio,Vantage Data Centers,5207 Rogers Rd,78251,San Antonio,309000.0,0.123,58.4
San Antonio,Microsoft San Antonio (SAT15),Microsoft,3555 Westover Link,78251,San Antonio,309000.0,0.123,58.4
San Antonio,Microsoft Texas Research Park (SAT46 / TRP3),Microsoft,15000 Lambda Dr,78245,San Antonio,296000.0,0.111,50.3
San Antonio,Microsoft San Antonio (SAT80 & SAT81),Microsoft,18844 Fm1957,78009,Castroville,332000.0,0.133,58.2
San Antonio,Microsoft Texas Research Park (TRP4),Microsoft,15000 Lambda Dr,78245,San Antonio,296000.0,0.111,50.3
San Antonio,Microsoft San Antonio Chevron,Microsoft,5150 Rogers Rd,78251,San Antonio,309000.0,0.123,58.4
San Antonio,CyrusOne SAT3 - San Antonio,CyrusOne Data Centers,9554 Westover Hills Boulevard,78251,San Antonio,309000.0,0.123,58.4
San Antonio,Duos Edge AI - Victoria EDC,"Duos Edge AI, Inc.",1905 Leary Ln,77901,Victoria,345000.0,0.134,43.9
San Antonio,Vantage TX21 - San Antonio,Vantage Data Centers,5207 Rogers Rd,78251,San Antonio,309000.0,0.123,58.4
San Antonio,CyrusOne SAT9 - San Antonio,CyrusOne Data Centers,14815 Omicron Dr,78245,San Antonio,296000.0,0.111,50.3
San Antonio,Windstream San Antonio,Windstream,106 S St Mary's St,78205,San Antonio,367000.0,0.126,65.2
San Antonio,Amazon AWS SAT - 12807 Donop,Amazon AWS,12807 Donop Rd,78223,Elmendorf,252000.0,0.123,64.0
San Antonio,Microsoft Texas Research Park (TRP5),Microsoft,15000 Lambda Dr,78245,San Antonio,296000.0,0.111,50.3
San Antonio,Microsoft San Antonio (SN7),Microsoft,5200 Rogers Rd,78251,San Antonio,309000.0,0.123,58.4
San Antonio,Amazon AWS SAT - 7400 Potranco,Amazon AWS,7400 Potranco Rd,78251,San Antonio,309000.0,0.123,58.4
San Antonio,CyrusOne SAT8 - San Antonio,CyrusOne Data Centers,14677 Omicron Dr,78245,San Antonio,296000.0,0.111,50.3
San Antonio,CyrusOne SAT6 - San Antonio,CyrusOne Data Centers,14719 Omicron Drive,78245,San Antonio,296000.0,0.111,50.3
San Antonio,Microsoft Texas Research Park (SAT40),Microsoft,15000 Lambda Dr,78245,San Antonio,296000.0,0.111,50.3
San Antonio,Microsoft Texas Research Park (TRP6),Microsoft,15000 Lambda Dr,78245,San Antonio,296000.0,0.111,50.3
San Antonio,CyrusOne SAT4 - San Antonio,CyrusOne Data Centers,9655 Raba Drive,78251,San Antonio,309000.0,0.123,58.4
San Antonio,QTS San Antonio,QTS Data Centers,8535 Potranco Rd,78251,San Antonio,309000.0,0.123,58.4
San Antonio,Microsoft Wiseman Boulevard (SAT14),Microsoft,3545 Wiseman Blvd,78251,San Antonio,309000.0,0.123,58.4
San Antonio,CloudBurst Central Texas,CloudBurst Data Centers,within,a 75-acre site near both Austin and San Antonio in Central Texas.,78666,365000.0,0.122,63.7
San Antonio,Lumen San Antonio 3,Lumen,214 E Ramsey Rd,78216,San Antonio,341000.0,0.122,53.7
San Antonio,18844 Farm-to-Market 1957,Microsoft,18844 Fm1957,78009,Castroville,332000.0,0.133,58.2
San Antonio,Microsoft San Antonio (SAT89),Microsoft,2995 US Hwy 90 W,78009,Castroville,332000.0,0.133,58.2
San Antonio,Lumen San Antonio 2,Lumen,1203 N. Frio Street,78207,San Antonio,357000.0,0.111,62.5
San Antonio,Microsoft San Antonio (SAT90),Microsoft,2995 US Hwy 90 W,78009,Castroville,332000.0,0.133,58.2
San Antonio,Microsoft San Antonio (SAT93),Microsoft,within,"Medina, Texas, along County Road 381",78253,365000.0,0.122,63.7
San Antonio,Microsoft San Antonio (SAT82),Microsoft,2580 Farm-to-Market 471 North,78009,Castroville,332000.0,0.133,58.2
San Antonio,Microsoft San Antonio (SAT94),Microsoft,within,"Medina, Texas, along County Road 381",78253,365000.0,0.122,63.7
San Antonio,Lumen San Antonio 1,Lumen,5130 Service Center Drive,78218,San Antonio,311000.0,0.121,68.3
San Diego,MDC San Diego - SDG1,MDC Data Centers,7014 Manya Cir,92154,San Diego,1009000.0,0.342,78.3
San Diego,DataBank SAN1 - San Diego World Trade,DataBank,12270 World Trade Dr,92128,San Diego,1072000.0,0.301,94.2
San Diego,EdgeConneX San Diego - EDCSDG01,EdgeConneX,5761 Copley Drive,92111,San Diego,1060000.0,0.286,87.6
San Diego,Cogent Data Center - San Diego 2,"Cogent Communications, Inc.",9530 Towne Centre Drive,92121,San Diego,973000.0,0.311,101.2
San Diego,ScaleMatrix San Diego,ScaleMatrix,5775 Kearny Villa Rd,92123,San Diego,1132000.0,0.292,92.9
San Diego,LightEdge - San Diego I,LightEdge,9305 Lightwave Ave,92123,San Diego,1132000.0,0.292,92.9
San Diego,I2B Networks San Diego,"I2B Networks, Inc",8830 Complex Dr,92123,San Diego,1132000.0,0.292,92.9
San Diego,CARI.net Campus,CARI.net,8915 Complex Drive,92123,Kearney Mesa,1132000.0,0.292,92.9
San Diego,Cogent Data Center - San Diego 1,"Cogent Communications, Inc.",525 B Street,92101,San Diego,1070000.0,0.28,89.4
San Diego,SimpleNet Colo,"SimpleNet, Inc.",225 Broadway,92101,San Diego,1070000.0,0.28,89.4
San Diego,Cogent Data Center - San Diego 3,"Cogent Communications, Inc.",1402 K St,92101,San Diego,1070000.0,0.28,89.4
San Diego,LightEdge - San Diego II,LightEdge,9725 Scranton Road,92121,San Diego,973000.0,0.311,101.2
San Diego,Lumen San Diego 1,Lumen,8929 Aero Drive,92123,San Diego,1132000.0,0.292,92.9
San Diego,Lumen San Diego 2,Lumen,8923 Complex Drive,92123,San Diego,1132000.0,0.292,92.9
Dallas,2323 Bryan Street (DFW10),Digital Realty,2323 Bryan Street,75201,Dallas,443000.0,0.134,70.7
Dallas,4025 Midway Rd (DFW11),Digital Realty,4025 Midway Rd,75007,Carrollton,375000.0,0.143,75.1
Dallas,1232 Alma Road (DFW16),Digital Realty,1232 Alma Road,75081,Richardson,423000.0,0.142,65.1
Dallas,H5Colo  Inc.,H5 Colo Inc.,12712 Park Central Dr,75251,Dallas,354000.0,0.145,57.2
Dallas,8435 Stemmons Freeway (DFW36),Digital Realty,8435 Stemmons Freeway,75247,Dallas,423000.0,0.142,64.2
Dallas,850 E. Collins Boulevard (DFW28),Digital Realty,850 E. Collins Boulevard,75081,Richardson,423000.0,0.142,65.1
Dallas,900 Quality Way (DFW17),Digital Realty,900 Quality Way,75081,Richardson,423000.0,0.142,65.1
Dallas,1210 Integrity Drive (DFW18),Digital Realty,1210 Integrity Drive,75081,Richardson,423000.0,0.142,65.1
Dallas,Cologix DAL1,Cologix,1950 N. Stemmons Fwy,75207,Dallas,404000.0,0.132,62.2
Dallas,Cologix DAL3,Cologix,1950 North Stemmons Freeway,75207,Dallas,404000.0,0.132,62.2
Dallas,Cologix DAL2,Cologix,1950 North Stemmons Freeway,75207,Dallas,404000.0,0.132,62.2
Dallas,1215 Integrity Drive (DFW25),Digital Realty,1215 Integrity Drive,75081,Richardson,423000.0,0.142,65.1
Dallas,950 E. Collins Boulevard (DFW29),Digital Realty,950 E. Collins Boulevard,75081,Richardson,423000.0,0.142,65.1
Dallas,2440 Marsh Lane (DFW12),Digital Realty,2440 Marsh Lane,75006,Carrollton,445000.0,0.142,60.1
Dallas,4849 Alpha Road (DFW14),Digital Realty,4849 Alpha Road,75244,Dallas,451000.0,0.139,65.1
Dallas,907 Security Row (DFW35),Digital Realty,907 Security Row,75081,Richardson,423000.0,0.142,65.1
Dallas,Hivelocity - Dallas 1,Hivelocity,1515 Round Table Dr,75247,Dallas,423000.0,0.142,64.2
Dallas,Flexential Dallas - Richardson Data Center,Flexential,3010 Waterview Parkway,75080,Richardson,356000.0,0.148,71.2
Dallas,2501 S. State Highway 121 (DFW26),Digital Realty,2501 S. State Highway 121,75056,Lewisville,405000.0,0.133,72.4
Dallas,Flexential Dallas - Downtown Data Center,Flexential,1950 Stemmons Freeway,75207,Dallas,404000.0,0.132,62.2
Dallas,Flexential Dallas - Plano Data Center,Flexential,3500 E Plano Pkwy,75074,Plano,390000.0,0.132,60.6
Dallas,Datacenter Park - Dallas,Digital Realty,900-908 Quality Way,75081,Richardson,423000.0,0.142,65.1
Dallas,908 Quality Way (DFW20),Digital Realty,908 Quality Way,75081,Richardson,423000.0,0.142,65.1
Dallas,Digital Realty Garland Campus,Digital Realty,1702 W Campbell Rd / 1502 Ferris Rd / 1505 Ferris Rd,75044,Garland,459000.0,0.144,53.0
Dallas,904 Quality Way (DFW21),Digital Realty,904 Quality Way,75081,Richardson,423000.0,0.142,65.1
Dallas,1702 W Campbell Rd,Digital Realty,1702 W Campbell Rd,75044,Garland,459000.0,0.144,53.0
Dallas,1502 Ferris Rd,Digital Realty,1502 Ferris Rd,75044,Garland,459000.0,0.144,53.0
Dallas,1505 Ferris Rd,Digital Realty,1505 Ferris Rd,75044,Garland,459000.0,0.144,53.0
Dallas,GDC - Dallas TX1 Data Center,"NTT DATA, Inc.",2008 Lookout Drive,75044,Garland,459000.0,0.144,53.0
Dallas,CyrusOne DFW1 - Carrollton,CyrusOne Data Centers,1649 Frankfort Road West,75007,Carrollton,375000.0,0.143,75.1
Dallas,"IRVING-TX (Dallas, Texas)",Cloudnium LLC.,6001 W Campus Circle,75063,Irving city,319000.0,0.138,59.4
Dallas,Prime Dallas Data Center Campus,Prime Data Centers,1515 Round Table,75247,Dallas,423000.0,0.142,64.2
Dallas,CyrusOne DFW3 - Allen,CyrusOne Data Centers,2300 Chelsea Blvd,75013,Allen,375000.0,0.133,63.1
Dallas,CyrusOne DFW2 - Lewsiville,CyrusOne Data Centers,2501 S. State Hwy 121 Business,75067,Lewsiville,426000.0,0.151,68.7
Dallas,CoreSpace Dallas Data Center,"CoreSpace, Inc.",7505 John W Carpenter Freeway,75247,Dallas,423000.0,0.142,64.2
Dallas,DataBank DFW1 - Downtown Dallas,DataBank,400 S Akard St,75202,Dallas,454000.0,0.144,60.3
Dallas,Equinix DA1,Equinix,1950 North Stemmons Freeway,75207,Dallas,404000.0,0.132,62.2
Dallas,Alpha Data Center,M&A Technology Inc.,4407 Alpha Road,75244,Dallas,451000.0,0.139,65.1
Dallas,Equinix DA6,Equinix,1950 North Stemmons Freeway,75207,Dallas,404000.0,0.132,62.2
Dallas,Centersquare - Dallas DFW3-A,Csquare,11830 Webb Chapel Rd.,75234,Dallas,434000.0,0.141,69.0
Dallas,Prime Dallas - Data Center 1,Prime Data Centers,1515 Round Table,75247,Dallas,423000.0,0.142,64.2
Dallas,TierPoint Dallas,TierPoint,3004 Irving Blvd,75247,Dallas,423000.0,0.142,64.2
Dallas,DataBank DFW2 - North Dallas,DataBank,904 Quality Way,75801,Dallas,402000.0,0.155,72.7
Dallas,Tierpoint Dallas-Allen,TierPoint,820 Allen Commerce Parkway,75013,Allen,375000.0,0.133,63.1
Dallas,Equinix DA2,Equinix,1950 North Stemmons Freeway,75207,Dallas,404000.0,0.132,62.2
Dallas,Equinix DA11,Equinix,1990 North Stemmons Freeway,75207,Dallas,404000.0,0.132,62.2
Dallas,Prime Dallas - Data Center 2,Prime Data Centers,1517 Round Table,75247,Dallas,423000.0,0.142,64.2
Dallas,TierPoint Dallas - Fort Worth,TierPoint,13701 Independence,76177,Fort Worth,397000.0,0.134,72.7
Dallas,Evocative DAL6,Evocative Data Centers,1221 Coit Road,75075,Plano,410000.0,0.148,63.3
Dallas,Cogent Data Center - Dallas,"Cogent Communications, Inc.",400 S. Akard St,75202,Dallas,454000.0,0.144,60.3
Dallas,Centersquare - Dallas DFW2-A,Csquare,900 Guardians Way,75013,Dallas,375000.0,0.133,63.1
Dallas,VAZATA Dallas I,VAZATA,4025 Midway Road,75007,Carrollton,375000.0,0.143,75.1
Dallas,DataBank DFW5 - Dallas Infomart,DataBank,1950 Stemmons Fwy,75207,Dallas,404000.0,0.132,62.2
Dallas,GDC - Dallas TX4 Data Center,"NTT DATA, Inc.",2011 Lookout Drive,75044,Garland,459000.0,0.144,53.0
Dallas,GDC - Dallas TX2 Data Center,"NTT DATA, Inc.",2108 Lookout Drive,75044,Garland,459000.0,0.144,53.0
Dallas,VAZATA McKinney,VAZATA,1720 Bray Central Dr,75069,McKinney,415000.0,0.14,78.7
Dallas,Equinix DA3,Equinix,1950 North Stemmons Freeway,75207,Dallas,404000.0,0.132,62.2
Dallas,Aligned DFW-01,Aligned Data Centers,2800 Summit Avenue,75074,Plano,390000.0,0.132,60.6
Dallas,Edged Dallas-Fort Worth DFW01-1,Edged Energy,505 N Wildwood Dr,75061,Irving,390000.0,0.13,57.3
Dallas,Serverphase Data Center,M&A Technology Inc.,2045 Chenault Drive,75006,Carrollton,445000.0,0.142,60.1
Dallas,Resilience DFW,Overwatch Capital,6815 Communications Pkwy,75024,Plano,446000.0,0.143,68.4
Dallas,DataBank DFW6 - Dallas Love Field,DataBank,8600 Harry Hines Blvd,75235,Dallas,393000.0,0.137,72.1
Dallas,DataBank DFW7 - Dallas LBJ,DataBank,6606 Lyndon B Johnson Fwy,75240,Dallas,373000.0,0.134,64.0
Dallas,DataBank DFW3 - Plano,DataBank,8375 Dominion Pkwy,75024,Plano,446000.0,0.143,68.4
Dallas,365 Data Centers - Richardson,365 Data Centers,1001 East Campbell Road,75081,Richardson,423000.0,0.142,65.1
Dallas,ScaleMatrix Dallas,ScaleMatrix,820 Allen Commerce Pkwy,75013,Allen,375000.0,0.133,63.1
Dallas,Evocative DAL1,Evocative Data Centers,2800 Summit Ave,75074,Plano,390000.0,0.132,60.6
Dallas,Provision Data Services,Provision Data Services,2020 Live Oak,75201,Dallas,443000.0,0.134,70.7
Dallas,Rackspace Dallas 2,Rackspace Hosting,1215 Integrity Drive,75081,Richardson,423000.0,0.142,65.1
Dallas,DataBank DFW4 - Dallas Empire,DataBank,1100 Empire Central Place,75247,Dallas,423000.0,0.142,64.2
Dallas,24 Hour Data Plano,24 Hour Data,811 E Plano Pkwy,75074,Plano,390000.0,0.132,60.6
Dallas,ColoCrossing DFW1,ColoCrossing,3004 Irving Blvd,75247,Dallas,423000.0,0.142,64.2
Dallas,Equinix DA7,Equinix,6653 Pinecrest Dr,75024,Plano,446000.0,0.143,68.4
Dallas,GDC - Dallas TX3 Data Center,"NTT DATA, Inc.",2080 Lookout Drive,75044,Garland,459000.0,0.144,53.0
Dallas,GIPNetworks Plano,Plano Data Center | Global IP Networks,1009 Jupiter Rd,75074,Plano,390000.0,0.132,60.6
Dallas,Stream DC DFW VII - Garland,Stream Data Centers,1813 Lookout Drive,75044,Garland,459000.0,0.144,53.0
Dallas,STACK Infrastructure DFW02 Campus,STACK INFRASTRUCTURE,E Belt Line Road,75146,Lancaster,442000.0,0.129,60.0
Dallas,VAZATA Dallas II,VAZATA,2440 Marsh Lane,75007,Carrollton,375000.0,0.143,75.1
Dallas,Stream DC DFWC - Wilmer II Campus,Stream Data Centers,"930 Sunrise Rd, Lancaster, TX , USA",75146,Wilmer,442000.0,0.129,60.0
Dallas,Infomart Dallas,Equinix,1950 N. Stemmons Freeway,75207,Dallas,404000.0,0.132,62.2
Dallas,STACK Infrastructure DFW01B,STACK INFRASTRUCTURE,6715 Pinecrest Dr,75024,Plano,446000.0,0.143,68.4
Dallas,STACK Infrastructure DFW01A,STACK INFRASTRUCTURE,6653 Pinecrest Dr,75024,Plano,446000.0,0.143,68.4
Dallas,Stream DC DFWC1,Stream Data Centers,930 N Sunrise Rd,75172,Wilmer,462000.0,0.135,66.7
Dallas,DigiCo Dallas DAL1,DigiCo Infrastructure REIT,1402 E Lookout Dr,75082,Richardson,430000.0,0.144,69.2
Dallas,Cogent Data Center - Irving,"Cogent Communications, Inc.",2511 E Grauwyler Rd,75061,Irving,390000.0,0.13,57.3
Dallas,ColoHouse Dallas,ColoHouse,1649 West Frankford Road,75007,Dallas,375000.0,0.143,75.1
Dallas,QTS Irving Campus,QTS Data Centers,6431 Longhorn Drive,75063,Irving,319000.0,0.138,59.4
Dallas,Neutron Data Center,M&A Technology Inc.,13616 Neutron Road,75244,Dallas,451000.0,0.139,65.1
Dallas,Equinix DA4,Equinix,2323 Bryan St,75201,Dallas,443000.0,0.134,70.7
Dallas,Cogent Data Center - Fort Worth,"Cogent Communications, Inc.",1400 E Presidio St,76102,Fort Worth,443000.0,0.141,64.7
Dallas,Epic.io Dallas Data Center,Epic.io,1526 Viceroy Dr,75235,Dallas,393000.0,0.137,72.1
Dallas,Enterhost Data Center,Consuro Managed Technology,801 Cherry Street,76102,Fort Worth,443000.0,0.141,64.7
Dallas,5CDC Dallas-Fort Worth - DFW01,5C Group Inc.,1201 John Burgess Dr,76140,Fort Worth,394000.0,0.138,68.9
Dallas,STACK Infrastructure DFW02A,STACK INFRASTRUCTURE,E Belt Line Road,75146,Lancaster,442000.0,0.129,60.0
Dallas,STACK Infrastructure DFW02B,STACK INFRASTRUCTURE,E Belt Line Road,75146,Lancaster,442000.0,0.129,60.0
Dallas,STACK Infrastructure DFW02E,STACK INFRASTRUCTURE,E Belt Line Road,75146,Lancaster,442000.0,0.129,60.0
Dallas,STACK Infrastructure DFW02C,STACK INFRASTRUCTURE,E Belt Line Road,75146,Lancaster,442000.0,0.129,60.0
Dallas,STACK Infrastructure DFW02D,STACK INFRASTRUCTURE,E Belt Line Road,75146,Lancaster,442000.0,0.129,60.0
Dallas,STACK Infrastructure DFW02F,STACK INFRASTRUCTURE,E Belt Line Road,75146,Lancaster,442000.0,0.129,60.0
Dallas,Equinix DA9,Equinix,2222 East Grauwyler Road,75061,Irving,390000.0,0.13,57.3
Dallas,Vantage Frontier - Shackelford County,Vantage Data Centers,TX-351 & Farm to Market Road 604,79601,Abilene,415000.0,0.134,73.4
Dallas,DataBank DFW9 - Red Oak,DataBank,Batchler Rd & Stainback Rd,75154,Red Oak,350000.0,0.137,75.2
Dallas,CyrusOne DFW10 - Whitney,CyrusOne Data Centers,557 County Rd 3610,76692,Whitney,433000.0,0.144,75.0
Dallas,STACK Infrastructure DFW01C,STACK INFRASTRUCTURE,5601 W Spring Creek Pkwy,75024,Plano,446000.0,0.143,68.4
Dallas,DataBank DFW8 - Plano,DataBank,8375 Dominion Pkwy,75024,Plano,446000.0,0.143,68.4
Dallas,DataBank DFW10 - Red Oak,DataBank,Batchler Rd & Stainback Rd,75154,Red Oak,350000.0,0.137,75.2
Dallas,Centersquare - Dallas DFW1,Csquare,14901 FAA Blvd,76155,Fort Worth,387000.0,0.138,75.5
Dallas,QTS Fort Worth 1 DC1,QTS Data Centers,14100 Park Vista Boulevard,76177,Fort Worth,397000.0,0.134,72.7
Dallas,QTS Irving DC1 & DC2,QTS Data Centers,6431 Longhorn Drive,75063,Irving,319000.0,0.138,59.4
Dallas,CyrusOne DFW17B - Whitney,CyrusOne Data Centers,557 County Rd 3610,76692,Whitney,433000.0,0.144,75.0
Dallas,CyrusOne DFW11 - Whitney,CyrusOne Data Centers,557 County Rd 3610,76692,Whitney,433000.0,0.144,75.0
Dallas,Tier.Net Dallas Data Center,TierNet,1515 Round Table Dr,75247,Dallas,423000.0,0.142,64.2
Dallas,Aligned DFW-04,Aligned Data Centers,601 North Star Rd,75074,Plano,390000.0,0.132,60.6
Dallas,Equinix DA12-2,Equinix,1550 W Mockingbird Ln,75235,Dallas,393000.0,0.137,72.1
Dallas,KDC Richardson,KDC,1510 E Lookout Dr,75082,Richardson,430000.0,0.144,69.2
Dallas,Riot Platforms Corsicana,"Riot Platforms, Inc.",6980 Farm to Market Rd 709,75110,Corsicana,445000.0,0.146,66.1
Dallas,CyrusOne DFW17C - Whitney,CyrusOne Data Centers,557 County Rd 3610,76692,Whitney,433000.0,0.144,75.0
Dallas,CyrusOne DFW17 - Whitney,CyrusOne Data Centers,557 County Rd 3610,76692,Whitney,433000.0,0.144,75.0
Dallas,CoreWeave Plano,CoreWeave,1000 Coit Rd,75075,Plano,410000.0,0.148,63.3
Dallas,ServerMania Dallas Data Center,ServerMania Inc,3000 Irving Blvd,75247,Dallas,423000.0,0.142,64.2
Dallas,Aligned DFW-02,Aligned Data Centers,2800 Summit Avenue,75074,Plano,390000.0,0.132,60.6
Dallas,Edged Dallas-Fort Worth DFW01-2,Edged Energy,N Wildwood Dr,75061,Irving,390000.0,0.13,57.3
Dallas,Cogent Data Center - Dallas 2,"Cogent Communications, Inc.",146 Parkhouse St,75207,Dallas,404000.0,0.132,62.2
Dallas,Project Orange,Unknown Company,201 Sunrise Road,75146,Lancaster,442000.0,0.129,60.0
Dallas,Skybox Atlantic Station,Skybox Datacenters,2300 W Plano Pkwy,75075,Plano,410000.0,0.148,63.3
Dallas,Skybox Legacy Campus,Skybox Datacenters,within,about 25 miles north of Downtown Austin,75075,479000.0,0.143,71.4
Dallas,Core Scientific Denton,Core Scientific,8171 Jim Christal Rd,76207,Denton,398000.0,0.125,58.0
Dallas,Skybox PowerCampus Dallas,Skybox Datacenters,within,near Interstate 35E,75146,479000.0,0.143,71.4
Dallas,Consolidated Dallas,Consolidated Communications,400 S Akard St,75202,Dallas,454000.0,0.144,60.3
Dallas,Nexus Hubbard Campus,Nexus Data Centers,880 State Hwy 171,76648,Hubbard,422000.0,0.136,54.1
Dallas,DataBank Red Oak Campus,DataBank,Batchler Rd & Stainback Rd,75154,Red Oak,350000.0,0.137,75.2
Dallas,NTT Garland Campus,"NTT DATA, Inc.",2008-2108 Lookout Drive,75044,Garland,459000.0,0.144,53.0
Dallas,Aligned Plano Campus,Aligned Data Centers,2800 Summit Avenue,75074,Plano,390000.0,0.132,60.6
Dallas,Aligned DFW-03,Aligned Data Centers,3801 Britton Rd,76063,Mansfield,436000.0,0.136,71.3
Dallas,Stream DC DFW-VIII - Wilmer,Stream Data Centers,60 Sunrise Road,75146,Wilmer,442000.0,0.129,60.0
Dallas,QTS South Dallas Campus,QTS Data Centers,303 Mason Rd,75146,Lancaster,442000.0,0.129,60.0
Dallas,QTS Irving DC3,QTS Data Centers,6351 Longhorn Drive,75063,Irving,319000.0,0.138,59.4
Dallas,Wowrack Dallas,Wowrack,4939 Reading St,75247,Dallas,423000.0,0.142,64.2
Dallas,CyrusOne DFW6 - Richardson,CyrusOne Data Centers,1510 E Lookout Dr,75082,Richardson,430000.0,0.144,69.2
Dallas,CyrusOne Whitney Campus,CyrusOne Data Centers,557 County Rd 3610,76692,Whitney,433000.0,0.144,75.0
Dallas,Lincoln Red Oak Campus,Lincoln Property Company,within,"Red Oak, Texas along the newly opened Loop 9 highway",75154,479000.0,0.143,71.4
Dallas,1000 Coit Road,Lincoln Property Company,1000 Coit Rd,75075,Plano,410000.0,0.148,63.3
Dallas,Google Midlothian Data Center,Google,3800 Railport Pkwy,76065,Midlothian,446000.0,0.134,70.0
Dallas,Psychz Dallas,Psychz Networks,1515 Roundtable Dr,75457,Dallas,450000.0,0.137,61.1
Dallas,Prometheus TX-1,Prometheus Hyperscale,6998 Farm to Market 987,75160,Terrell,391000.0,0.138,62.9
Dallas,QTS South Dallas DC3,QTS Data Centers,303 Mason Rd,75146,Lancaster,442000.0,0.129,60.0
Dallas,Equinix DA12-1,Equinix,1550 W Mockingbird Ln,75235,Dallas,393000.0,0.137,72.1
Dallas,QTS South Dallas DC1,QTS Data Centers,303 Mason Rd,75146,Lancaster,442000.0,0.129,60.0
Dallas,QTS South Dallas DC2,QTS Data Centers,303 Mason Rd,75146,Lancaster,442000.0,0.129,60.0
Dallas,DataBank - 2323 Bryan St,DataBank,2323 Bryan St,75201,Dallas,443000.0,0.134,70.7
Dallas,Project Labrador,Unknown Company,1401 Greene Road,75146,Lancaster,442000.0,0.129,60.0
Dallas,365 Data Centers - Dallas,365 Data Centers,2323 Bryan St.,75201,Dallas,443000.0,0.134,70.7
Dallas,CyrusOne DFW7 - Fort Worth,CyrusOne Data Centers,Asphalt Dr,76179,Fort Worth,395000.0,0.13,69.7
Dallas,Windstream Dallas,Windstream,600 N Pearl St,75201,Dallas,443000.0,0.134,70.7
Dallas,LightEdge - Dallas,LightEdge,2501 State Hwy 121,75067,Lewisville,426000.0,0.151,68.7
Dallas,Compass Red Oak - 300 Houston School Rd,Compass Datacenters,300 Houston School Rd,75154,Red Oak,350000.0,0.137,75.2
Dallas,Yondr Lancaster,Yondr Group,within,"Lancaster, south of Dallas",TBA,479000.0,0.143,71.4
Dallas,DataBank DFW11 - Red Oak,DataBank,Batchler Rd & Stainback Rd,75154,Red Oak,350000.0,0.137,75.2
Dallas,Mobius Partners - Farmers Branch,Mobius Partners,4215 N. Beltwood Pkwy,75244,Farmers Branch,451000.0,0.139,65.1
Dallas,Edged Dallas-Fort Worth DFW02,Edged Energy,I-20 & Chapin School Rd,76126,Fort Worth,412000.0,0.133,61.1
Dallas,Edged Dallas-Fort Worth DFW01 Campus,Edged Energy,505 N Wildwood Dr,75061,Irving,390000.0,0.13,57.3
Dallas,Meta Fort Worth Data Center,Meta,4500 Like Way,76177,Fort Worth,397000.0,0.134,72.7
Dallas,DataBank DFW12 - Red Oak,DataBank,Batchler Rd & Stainback Rd,75154,Red Oak,350000.0,0.137,75.2
Dallas,Project Annie,Soluna Computing,within,Tyson Nick Solar Project,75460,479000.0,0.143,71.4
Dallas,4099 Hereford Street,Frasier Cole,4099 Hereford St,76043,Glen Rose,465000.0,0.125,62.4
Dallas,PowerHouse Grand Prairie,PowerHouse Data Centers,881 Miller Rd,76065,Midlothian,446000.0,0.134,70.0
Dallas,Equinix DA12 Campus,Equinix,1550 W Mockingbird Ln,75235,Dallas,393000.0,0.137,72.1
Dallas,Lumen Dallas,Lumen,3180 Irving Blvd.,75247,Dallas,423000.0,0.142,64.2
Dallas,Lumen Fort Worth 2,Lumen,1101 E 9th St,76102,Fort Worth,443000.0,0.141,64.7
Dallas,PowerHouse Irving Campus,PowerHouse Data Centers,111 Customer Way,75039,Irving,424000.0,0.143,61.7
Dallas,Eonix Communications Dallas,Eonix Communications Inc,1515 Round Table Drive,75207,Dallas,404000.0,0.132,62.2
Dallas,Black Mountain Power LLC,Unknown Company,7600-7780 Forest Hill Dr & LonStephenson Rd,76140,Forest Hill,394000.0,0.138,68.9
Dallas,LOGIX Fort Worth,LOGIX FIBER NETWORKS,307-309 West 7th St,76102,Fort Worth,443000.0,0.141,64.7
Dallas,NocRoom Dallas Colocation and VPS,NocRoom Miami Colocation VPS,33004 Irving Blvd,75247,Dallas,423000.0,0.142,64.2
Dallas,LOGIX Dallas #1,LOGIX FIBER NETWORKS,2323 Bryan St,75201,Dallas,443000.0,0.134,70.7
Dallas,Lunavi Dallas,Lunavi,"1950 North Stemmons, Fwy",75207,Dallas,404000.0,0.132,62.2
Dallas,Cisco Allen Data Center,Cisco Systems,2260 Chelsea Blvd,75013,Allen,375000.0,0.133,63.1
Dallas,Cisco Richardson Data Center,Cisco Systems,2300 E President George Bush Hwy,75082,Richardson,430000.0,0.144,69.2
Dallas,LOGIX Dallas #2,LOGIX FIBER NETWORKS,2914 Taylor Street,75226,Dallas,443000.0,0.141,62.6
Dallas,ATOS Dallas Data Center,Atos Group,2323 Bryan Street,75201,Dallas,443000.0,0.134,70.7
Dallas,TPx Dallas Data Center,TPx Communications,717 N Harwood St,75201,Dallas,443000.0,0.134,70.7
Dallas,Synoptek - Dallas Data Center,Synoptek,2323 Bryan Street,75201,Dallas,443000.0,0.134,70.7
Dallas,IBM DAL07,IBM,1700 Summit Ave,75074,Plano,390000.0,0.132,60.6
Dallas,IBM DAL01,IBM,1950 N. Stemmons Freeway,75207,Dallas,404000.0,0.132,62.2
Dallas,IBM DAL02/06,IBM,1333 North Stemmons Freeway,75207,Dallas,404000.0,0.132,62.2
Dallas,PowerHouse Irving - Building A,PowerHouse Data Centers,111 Customer Way,75039,Irving,424000.0,0.143,61.7
Dallas,PowerHouse Irving - Building C,PowerHouse Data Centers,111 Customer Way,75039,Irving,424000.0,0.143,61.7
Dallas,PowerHouse Irving - Building B,PowerHouse Data Centers,111 Customer Way,75039,Irving,424000.0,0.143,61.7
Dallas,ACS Fort Worth Campus,Grupo ACS,10059-10197 Hicks Field Rd,76179,Fort Worth,395000.0,0.13,69.7
Dallas,Lumen Dallas,Lumen,1150 Regal Row,75247,Dallas,423000.0,0.142,64.2
Dallas,STACK Infrastructure,STACK INFRASTRUCTURE,1950 N Stemmons Freeway,75207,Dallas,404000.0,0.132,62.2
Dallas,IBM DAL04,IBM,400 Akard St,75202,Dallas,454000.0,0.144,60.3
Dallas,QTS Irving DC5,QTS Data Centers,6300 Longhorn Drive,75063,Irving,319000.0,0.138,59.4
Dallas,QTS Irving DC6,QTS Data Centers,6300 Longhorn Drive,75063,Irving,319000.0,0.138,59.4
Dallas,Lumen Fort Worth 1,Lumen,1601 Jones Street,76102,Fort Worth,443000.0,0.141,64.7
Dallas,ACS Fort Worth - Building D,Grupo ACS,1645 Hicks Field Rd E,76179,Fort Worth,395000.0,0.13,69.7
Dallas,CyrusOne DFW4 - Allen,CyrusOne Data Centers,2300 Chelsea Boulevard,75013,Allen,375000.0,0.133,63.1
Dallas,ACS Fort Worth - Building B,Grupo ACS,10100 Hicks Field Rd,76179,Fort Worth,395000.0,0.13,69.7
Dallas,CyrusOne DFW5 - Allen,CyrusOne Data Centers,2300 Chelsea Boulevard,75013,Allen,375000.0,0.133,63.1
Dallas,Lumen Dallas 3,Lumen,1201 Main Street,75202,Dallas,454000.0,0.144,60.3
Dallas,IBM DAL05,IBM,4849 Alpha Rd,75244,Dallas,451000.0,0.139,65.1
Dallas,ACS Fort Worth - Building E,Grupo ACS,Hillwood Blvd,76179,Fort Worth,395000.0,0.13,69.7
Dallas,ACS Fort Worth - Building C,Grupo ACS,Hillwood Blvd,76179,Fort Worth,395000.0,0.13,69.7
Dallas,ACS Fort Worth - Building A,Grupo ACS,10121 Hicks Field Rd,76179,Fort Worth,395000.0,0.13,69.7
Dallas,Lumen Dallas 4,Lumen,400 S Akrad,75202,Dallas,454000.0,0.144,60.3
Dallas,Data Canopy - Dallas,Data Canopy,1807 Ross Avenue,75201,Dallas,443000.0,0.134,70.7
Dallas,Lumen Dallas 2,Lumen,1950 Stemmons Freeway,75207,Dallas,404000.0,0.132,62.2
Jacksonville,Cologix JAX1,Cologix,421 West Church Street,32202,Jacksonville,303000.0,0.119,51.6
Jacksonville,Cologix JAX2,Cologix,4800 Spring Park Road,32207,Jacksonville,288000.0,0.137,70.2
Jacksonville,Flexential Jacksonville Data Center,Flexential,4905 Belfort Road,32256,Jacksonville,251000.0,0.13,60.6
Jacksonville,TierPoint Jacksonville,TierPoint,8324 Baymeadows Way,32256,Jacksonville,251000.0,0.13,60.6
Jacksonville,EdgeConneX Jacksonville - EDCJAX01,EdgeConneX,"6602 Executive Park Ct N, Unit #105.",32216,Jacksonville,305000.0,0.116,62.0
Jacksonville,CSX Data Center,ColoCSX,6425 Southpoint Pkwy,32216,Jacksonville,305000.0,0.116,62.0
Jacksonville,ScaleMatrix Jacksonville,ScaleMatrix,8324 Baymeadows Way,32256,Jacksonville,251000.0,0.13,60.6
Jacksonville,SBA Edge Jacksonville,SBA Edge,800 Water Street,32204,Jacksonville,294000.0,0.118,60.4
Jacksonville,American Tower EDC Jacksonville,American Tower Corporation,325 17th Ave N,32250,Jacksonville Beach,325000.0,0.133,50.7
Jacksonville,Windstream Jacksonville,Windstream,421 W. Church St.,32202,Jacksonville,303000.0,0.119,51.6
Jacksonville,DC BLOX Palm Coast,DC BLOX Inc.,1035 Town Center Blvd,32164,Palm Coast,275000.0,0.112,42.2
Jacksonville,SBA Edge JaxNAP,SBA Edge,421 West Church Street,32202,Jacksonville,303000.0,0.119,51.6
Jacksonville,Lumen Jacksonville,Lumen,608 W. Adams Street,32204,Jacksonville,294000.0,0.118,60.4
Jacksonville,Lumen Jacksonville 1,Lumen,4814 Phillips Highway,32207,Jacksonville,288000.0,0.137,70.2
Jacksonville,Lumen Jacksonville 2,Lumen,608 W. Adams Street,32204,Jacksonville,294000.0,0.118,60.4
